<?xml version="1.0" encoding="UTF-8"?>
<gpx creator="https://gpx.studio" version="1.1" xmlns="http://www.topografix.com/GPX/1/1" xmlns:xsi="http://www.w3.org/2001/XMLSchema-instance" xsi:schemaLocation="http://www.topografix.com/GPX/1/1 http://www.topografix.com/GPX/1/1/gpx.xsd http://www.garmin.com/xmlschemas/GpxExtensions/v3 http://www.garmin.com/xmlschemas/GpxExtensionsv3.xsd http://www.garmin.com/xmlschemas/TrackPointExtension/v1 http://www.garmin.com/xmlschemas/TrackPointExtensionv1.xsd http://www.garmin.com/xmlschemas/PowerExtension/v1 http://www.garmin.com/xmlschemas/PowerExtensionv1.xsd http://www.topografix.com/GPX/gpx_style/0/2 http://www.topografix.com/GPX/gpx_style/0/2/gpx_style.xsd" xmlns:gpxtpx="http://www.garmin.com/xmlschemas/TrackPointExtension/v1" xmlns:gpxx="http://www.garmin.com/xmlschemas/GpxExtensions/v3" xmlns:gpxpx="http://www.garmin.com/xmlschemas/PowerExtension/v1" xmlns:gpx_style="http://www.topografix.com/GPX/gpx_style/0/2">
  <metadata>
    <name>ALS run 50mi route</name>
    <author>
      <name>gpx.studio</name>
      <link href="https://gpx.studio"/>
    </author>
  </metadata>
  <trk>
    <name>ALS run 50mi route</name>
    <trkseg>
      <trkpt lat="43.074735" lon="-89.386079">
        <ele>273.37</ele>
      </trkpt>
      <trkpt lat="43.074772" lon="-89.386124">
        <ele>273.1</ele>
      </trkpt>
      <trkpt lat="43.074864" lon="-89.386255">
        <ele>273</ele>
      </trkpt>
      <trkpt lat="43.074812" lon="-89.386334">
        <ele>272.9</ele>
      </trkpt>
      <trkpt lat="43.074777" lon="-89.38646">
        <ele>272.15</ele>
      </trkpt>
      <trkpt lat="43.074774" lon="-89.386698">
        <ele>271.65</ele>
      </trkpt>
      <trkpt lat="43.074793" lon="-89.387883">
        <ele>269</ele>
      </trkpt>
      <trkpt lat="43.074808" lon="-89.387926">
        <ele>269.12</ele>
      </trkpt>
      <trkpt lat="43.074834" lon="-89.387942">
        <ele>269.32</ele>
      </trkpt>
      <trkpt lat="43.07486" lon="-89.389654">
        <ele>266</ele>
      </trkpt>
      <trkpt lat="43.074868" lon="-89.389695">
        <ele>266</ele>
      </trkpt>
      <trkpt lat="43.074878" lon="-89.389934">
        <ele>266</ele>
      </trkpt>
      <trkpt lat="43.074879" lon="-89.389978">
        <ele>266</ele>
      </trkpt>
      <trkpt lat="43.07488" lon="-89.390027">
        <ele>266</ele>
      </trkpt>
      <trkpt lat="43.074867" lon="-89.390096">
        <ele>266</ele>
      </trkpt>
      <trkpt lat="43.074885" lon="-89.391408">
        <ele>267</ele>
      </trkpt>
      <trkpt lat="43.074892" lon="-89.391481">
        <ele>267.04</ele>
      </trkpt>
      <trkpt lat="43.074894" lon="-89.391706">
        <ele>267.8</ele>
      </trkpt>
      <trkpt lat="43.074891" lon="-89.391737">
        <ele>267.78</ele>
      </trkpt>
      <trkpt lat="43.074901" lon="-89.392367">
        <ele>266.97</ele>
      </trkpt>
      <trkpt lat="43.074902" lon="-89.392426">
        <ele>266.93</ele>
      </trkpt>
      <trkpt lat="43.074916" lon="-89.393248">
        <ele>266.31</ele>
      </trkpt>
      <trkpt lat="43.074919" lon="-89.39353">
        <ele>267</ele>
      </trkpt>
      <trkpt lat="43.07496" lon="-89.39574">
        <ele>264.06</ele>
      </trkpt>
      <trkpt lat="43.074983" lon="-89.396996">
        <ele>263</ele>
      </trkpt>
      <trkpt lat="43.074987" lon="-89.397252">
        <ele>262.41</ele>
      </trkpt>
      <trkpt lat="43.075024" lon="-89.397251">
        <ele>262.41</ele>
      </trkpt>
      <trkpt lat="43.075761" lon="-89.397224">
        <ele>262</ele>
      </trkpt>
      <trkpt lat="43.0759" lon="-89.397221">
        <ele>262</ele>
      </trkpt>
      <trkpt lat="43.076615" lon="-89.397193">
        <ele>260.87</ele>
      </trkpt>
      <trkpt lat="43.076651" lon="-89.397192">
        <ele>260.81</ele>
      </trkpt>
      <trkpt lat="43.076652" lon="-89.397245">
        <ele>260.56</ele>
      </trkpt>
      <trkpt lat="43.076843" lon="-89.39724">
        <ele>259.83</ele>
      </trkpt>
      <trkpt lat="43.076883" lon="-89.397263">
        <ele>259.58</ele>
      </trkpt>
      <trkpt lat="43.076897" lon="-89.397286">
        <ele>259.41</ele>
      </trkpt>
      <trkpt lat="43.076897" lon="-89.397298">
        <ele>259.38</ele>
      </trkpt>
      <trkpt lat="43.076897" lon="-89.397298">
        <ele>259.38</ele>
      </trkpt>
      <trkpt lat="43.076896" lon="-89.39735">
        <ele>259.26</ele>
      </trkpt>
      <trkpt lat="43.076864" lon="-89.397392">
        <ele>259.52</ele>
      </trkpt>
      <trkpt lat="43.076708" lon="-89.397395">
        <ele>260.32</ele>
      </trkpt>
      <trkpt lat="43.076526" lon="-89.397316">
        <ele>261</ele>
      </trkpt>
      <trkpt lat="43.075901" lon="-89.397337">
        <ele>262</ele>
      </trkpt>
      <trkpt lat="43.075901" lon="-89.397391">
        <ele>262</ele>
      </trkpt>
      <trkpt lat="43.075919" lon="-89.398342">
        <ele>261</ele>
      </trkpt>
      <trkpt lat="43.075933" lon="-89.398359">
        <ele>261.07</ele>
      </trkpt>
      <trkpt lat="43.075935" lon="-89.398724">
        <ele>261.17</ele>
      </trkpt>
      <trkpt lat="43.076254" lon="-89.398715">
        <ele>261.44</ele>
      </trkpt>
      <trkpt lat="43.07629" lon="-89.398741">
        <ele>262.13</ele>
      </trkpt>
      <trkpt lat="43.076635" lon="-89.398732">
        <ele>262.34</ele>
      </trkpt>
      <trkpt lat="43.076645" lon="-89.398828">
        <ele>262.26</ele>
      </trkpt>
      <trkpt lat="43.076695" lon="-89.398809">
        <ele>261.82</ele>
      </trkpt>
      <trkpt lat="43.076702" lon="-89.398842">
        <ele>261.78</ele>
      </trkpt>
      <trkpt lat="43.076788" lon="-89.398814">
        <ele>260.84</ele>
      </trkpt>
      <trkpt lat="43.076856" lon="-89.398919">
        <ele>260.46</ele>
      </trkpt>
      <trkpt lat="43.076873" lon="-89.398983">
        <ele>260.07</ele>
      </trkpt>
      <trkpt lat="43.076877" lon="-89.399052">
        <ele>259.82</ele>
      </trkpt>
      <trkpt lat="43.076858" lon="-89.399137">
        <ele>260.13</ele>
      </trkpt>
      <trkpt lat="43.076876" lon="-89.399138">
        <ele>259.84</ele>
      </trkpt>
      <trkpt lat="43.076888" lon="-89.399138">
        <ele>259.66</ele>
      </trkpt>
      <trkpt lat="43.076945" lon="-89.399136">
        <ele>259</ele>
      </trkpt>
      <trkpt lat="43.076931" lon="-89.399272">
        <ele>259.34</ele>
      </trkpt>
      <trkpt lat="43.076938" lon="-89.399385">
        <ele>259.93</ele>
      </trkpt>
      <trkpt lat="43.076998" lon="-89.399805">
        <ele>259.65</ele>
      </trkpt>
      <trkpt lat="43.077078" lon="-89.400294">
        <ele>259.82</ele>
      </trkpt>
      <trkpt lat="43.077266" lon="-89.401344">
        <ele>259.63</ele>
      </trkpt>
      <trkpt lat="43.077329" lon="-89.401971">
        <ele>259.82</ele>
      </trkpt>
      <trkpt lat="43.077338" lon="-89.40243">
        <ele>259.75</ele>
      </trkpt>
      <trkpt lat="43.077301" lon="-89.402507">
        <ele>260.07</ele>
      </trkpt>
      <trkpt lat="43.077304" lon="-89.402732">
        <ele>259.56</ele>
      </trkpt>
      <trkpt lat="43.077306" lon="-89.402762">
        <ele>259.37</ele>
      </trkpt>
      <trkpt lat="43.077325" lon="-89.403156">
        <ele>259.85</ele>
      </trkpt>
      <trkpt lat="43.077275" lon="-89.403317">
        <ele>260.48</ele>
      </trkpt>
      <trkpt lat="43.077256" lon="-89.403434">
        <ele>260.79</ele>
      </trkpt>
      <trkpt lat="43.077309" lon="-89.403605">
        <ele>260.5</ele>
      </trkpt>
      <trkpt lat="43.077355" lon="-89.403828">
        <ele>260.22</ele>
      </trkpt>
      <trkpt lat="43.077451" lon="-89.404474">
        <ele>260.35</ele>
      </trkpt>
      <trkpt lat="43.077498" lon="-89.404715">
        <ele>260.41</ele>
      </trkpt>
      <trkpt lat="43.077517" lon="-89.404912">
        <ele>260.1</ele>
      </trkpt>
      <trkpt lat="43.077531" lon="-89.405862">
        <ele>260.63</ele>
      </trkpt>
      <trkpt lat="43.077555" lon="-89.406185">
        <ele>260.6</ele>
      </trkpt>
      <trkpt lat="43.077688" lon="-89.40739">
        <ele>261.43</ele>
      </trkpt>
      <trkpt lat="43.077821" lon="-89.408197">
        <ele>261</ele>
      </trkpt>
      <trkpt lat="43.078142" lon="-89.409518">
        <ele>260.29</ele>
      </trkpt>
      <trkpt lat="43.078184" lon="-89.409629">
        <ele>260.57</ele>
      </trkpt>
      <trkpt lat="43.078292" lon="-89.409821">
        <ele>260.82</ele>
      </trkpt>
      <trkpt lat="43.078547" lon="-89.410364">
        <ele>260.8</ele>
      </trkpt>
      <trkpt lat="43.078652" lon="-89.410645">
        <ele>260.91</ele>
      </trkpt>
      <trkpt lat="43.078667" lon="-89.410791">
        <ele>260.9</ele>
      </trkpt>
      <trkpt lat="43.0786" lon="-89.411188">
        <ele>260.67</ele>
      </trkpt>
      <trkpt lat="43.078581" lon="-89.411489">
        <ele>260.7</ele>
      </trkpt>
      <trkpt lat="43.078572" lon="-89.412061">
        <ele>259.92</ele>
      </trkpt>
      <trkpt lat="43.078568" lon="-89.41277">
        <ele>260.74</ele>
      </trkpt>
      <trkpt lat="43.078573" lon="-89.412906">
        <ele>260.83</ele>
      </trkpt>
      <trkpt lat="43.078567" lon="-89.413233">
        <ele>260.92</ele>
      </trkpt>
      <trkpt lat="43.078549" lon="-89.413496">
        <ele>260.3</ele>
      </trkpt>
      <trkpt lat="43.078525" lon="-89.413672">
        <ele>260.83</ele>
      </trkpt>
      <trkpt lat="43.078444" lon="-89.414006">
        <ele>260.88</ele>
      </trkpt>
      <trkpt lat="43.078446" lon="-89.414346">
        <ele>261.75</ele>
      </trkpt>
      <trkpt lat="43.078456" lon="-89.414509">
        <ele>261.54</ele>
      </trkpt>
      <trkpt lat="43.078452" lon="-89.414632">
        <ele>261.07</ele>
      </trkpt>
      <trkpt lat="43.078347" lon="-89.41501">
        <ele>261.3</ele>
      </trkpt>
      <trkpt lat="43.078327" lon="-89.415123">
        <ele>261.18</ele>
      </trkpt>
      <trkpt lat="43.078331" lon="-89.415712">
        <ele>260.68</ele>
      </trkpt>
      <trkpt lat="43.078342" lon="-89.416032">
        <ele>260.5</ele>
      </trkpt>
      <trkpt lat="43.078361" lon="-89.416179">
        <ele>260.84</ele>
      </trkpt>
      <trkpt lat="43.07841" lon="-89.416449">
        <ele>261.38</ele>
      </trkpt>
      <trkpt lat="43.078537" lon="-89.416878">
        <ele>261.96</ele>
      </trkpt>
      <trkpt lat="43.078689" lon="-89.417328">
        <ele>263.28</ele>
      </trkpt>
      <trkpt lat="43.079046" lon="-89.418174">
        <ele>262.49</ele>
      </trkpt>
      <trkpt lat="43.079132" lon="-89.418433">
        <ele>262.19</ele>
      </trkpt>
      <trkpt lat="43.079152" lon="-89.41855">
        <ele>262.6</ele>
      </trkpt>
      <trkpt lat="43.079163" lon="-89.418674">
        <ele>262.89</ele>
      </trkpt>
      <trkpt lat="43.079148" lon="-89.418788">
        <ele>262.46</ele>
      </trkpt>
      <trkpt lat="43.07912" lon="-89.418874">
        <ele>262.38</ele>
      </trkpt>
      <trkpt lat="43.079076" lon="-89.418951">
        <ele>262.22</ele>
      </trkpt>
      <trkpt lat="43.078899" lon="-89.419149">
        <ele>261.42</ele>
      </trkpt>
      <trkpt lat="43.078724" lon="-89.419279">
        <ele>261.14</ele>
      </trkpt>
      <trkpt lat="43.078459" lon="-89.419553">
        <ele>261.17</ele>
      </trkpt>
      <trkpt lat="43.078277" lon="-89.419773">
        <ele>261.21</ele>
      </trkpt>
      <trkpt lat="43.078145" lon="-89.419993">
        <ele>260.94</ele>
      </trkpt>
      <trkpt lat="43.078069" lon="-89.420201">
        <ele>260.85</ele>
      </trkpt>
      <trkpt lat="43.078014" lon="-89.420489">
        <ele>260.67</ele>
      </trkpt>
      <trkpt lat="43.077922" lon="-89.421172">
        <ele>260</ele>
      </trkpt>
      <trkpt lat="43.077916" lon="-89.421256">
        <ele>260.05</ele>
      </trkpt>
      <trkpt lat="43.077918" lon="-89.421514">
        <ele>259.7</ele>
      </trkpt>
      <trkpt lat="43.077941" lon="-89.421559">
        <ele>259.92</ele>
      </trkpt>
      <trkpt lat="43.077984" lon="-89.421744">
        <ele>260</ele>
      </trkpt>
      <trkpt lat="43.078081" lon="-89.422312">
        <ele>259.88</ele>
      </trkpt>
      <trkpt lat="43.078134" lon="-89.422511">
        <ele>260</ele>
      </trkpt>
      <trkpt lat="43.078187" lon="-89.42265">
        <ele>259.99</ele>
      </trkpt>
      <trkpt lat="43.078361" lon="-89.422952">
        <ele>260</ele>
      </trkpt>
      <trkpt lat="43.078588" lon="-89.423286">
        <ele>259.99</ele>
      </trkpt>
      <trkpt lat="43.078695" lon="-89.423423">
        <ele>259.98</ele>
      </trkpt>
      <trkpt lat="43.078869" lon="-89.423608">
        <ele>259.93</ele>
      </trkpt>
      <trkpt lat="43.079407" lon="-89.424148">
        <ele>259.97</ele>
      </trkpt>
      <trkpt lat="43.08013" lon="-89.424919">
        <ele>259.74</ele>
      </trkpt>
      <trkpt lat="43.080149" lon="-89.424951">
        <ele>259.77</ele>
      </trkpt>
      <trkpt lat="43.080149" lon="-89.424982">
        <ele>259.89</ele>
      </trkpt>
      <trkpt lat="43.080135" lon="-89.425045">
        <ele>260</ele>
      </trkpt>
      <trkpt lat="43.080136" lon="-89.425115">
        <ele>260</ele>
      </trkpt>
      <trkpt lat="43.080165" lon="-89.425195">
        <ele>260</ele>
      </trkpt>
      <trkpt lat="43.080276" lon="-89.425373">
        <ele>260</ele>
      </trkpt>
      <trkpt lat="43.080312" lon="-89.425406">
        <ele>260</ele>
      </trkpt>
      <trkpt lat="43.080505" lon="-89.425413">
        <ele>259.68</ele>
      </trkpt>
      <trkpt lat="43.080571" lon="-89.42545">
        <ele>259.55</ele>
      </trkpt>
      <trkpt lat="43.081062" lon="-89.42604">
        <ele>259.97</ele>
      </trkpt>
      <trkpt lat="43.081212" lon="-89.426264">
        <ele>259.9</ele>
      </trkpt>
      <trkpt lat="43.081388" lon="-89.426643">
        <ele>259.51</ele>
      </trkpt>
      <trkpt lat="43.081537" lon="-89.427023">
        <ele>259.79</ele>
      </trkpt>
      <trkpt lat="43.081608" lon="-89.427175">
        <ele>259.76</ele>
      </trkpt>
      <trkpt lat="43.081948" lon="-89.427748">
        <ele>259.91</ele>
      </trkpt>
      <trkpt lat="43.082153" lon="-89.428052">
        <ele>259.81</ele>
      </trkpt>
      <trkpt lat="43.082252" lon="-89.428145">
        <ele>259.7</ele>
      </trkpt>
      <trkpt lat="43.082422" lon="-89.428258">
        <ele>259.87</ele>
      </trkpt>
      <trkpt lat="43.082531" lon="-89.428303">
        <ele>259.92</ele>
      </trkpt>
      <trkpt lat="43.082671" lon="-89.428345">
        <ele>259.18</ele>
      </trkpt>
      <trkpt lat="43.083107" lon="-89.42845">
        <ele>259.99</ele>
      </trkpt>
      <trkpt lat="43.083543" lon="-89.428539">
        <ele>259</ele>
      </trkpt>
      <trkpt lat="43.084004" lon="-89.428635">
        <ele>260</ele>
      </trkpt>
      <trkpt lat="43.084051" lon="-89.428653">
        <ele>260</ele>
      </trkpt>
      <trkpt lat="43.084131" lon="-89.428745">
        <ele>260</ele>
      </trkpt>
      <trkpt lat="43.084394" lon="-89.428815">
        <ele>260</ele>
      </trkpt>
      <trkpt lat="43.084643" lon="-89.428896">
        <ele>260.66</ele>
      </trkpt>
      <trkpt lat="43.084751" lon="-89.428989">
        <ele>260.91</ele>
      </trkpt>
      <trkpt lat="43.084843" lon="-89.429156">
        <ele>261</ele>
      </trkpt>
      <trkpt lat="43.08487" lon="-89.429243">
        <ele>261.21</ele>
      </trkpt>
      <trkpt lat="43.084893" lon="-89.429465">
        <ele>261.39</ele>
      </trkpt>
      <trkpt lat="43.084892" lon="-89.429612">
        <ele>261.39</ele>
      </trkpt>
      <trkpt lat="43.084847" lon="-89.430123">
        <ele>261.03</ele>
      </trkpt>
      <trkpt lat="43.084764" lon="-89.430717">
        <ele>261.37</ele>
      </trkpt>
      <trkpt lat="43.084487" lon="-89.432002">
        <ele>261.69</ele>
      </trkpt>
      <trkpt lat="43.084314" lon="-89.432916">
        <ele>261.78</ele>
      </trkpt>
      <trkpt lat="43.084187" lon="-89.433538">
        <ele>262.44</ele>
      </trkpt>
      <trkpt lat="43.084162" lon="-89.43374">
        <ele>262.58</ele>
      </trkpt>
      <trkpt lat="43.084142" lon="-89.433828">
        <ele>262.67</ele>
      </trkpt>
      <trkpt lat="43.083856" lon="-89.434558">
        <ele>262.63</ele>
      </trkpt>
      <trkpt lat="43.083341" lon="-89.435674">
        <ele>262.98</ele>
      </trkpt>
      <trkpt lat="43.08306" lon="-89.436329">
        <ele>262.81</ele>
      </trkpt>
      <trkpt lat="43.082942" lon="-89.436558">
        <ele>262.88</ele>
      </trkpt>
      <trkpt lat="43.082855" lon="-89.436697">
        <ele>262.94</ele>
      </trkpt>
      <trkpt lat="43.082715" lon="-89.436847">
        <ele>262.81</ele>
      </trkpt>
      <trkpt lat="43.082669" lon="-89.436865">
        <ele>262.91</ele>
      </trkpt>
      <trkpt lat="43.082664" lon="-89.437165">
        <ele>263.43</ele>
      </trkpt>
      <trkpt lat="43.08263" lon="-89.437164">
        <ele>263.25</ele>
      </trkpt>
      <trkpt lat="43.082631" lon="-89.437393">
        <ele>263.39</ele>
      </trkpt>
      <trkpt lat="43.082611" lon="-89.437473">
        <ele>263.67</ele>
      </trkpt>
      <trkpt lat="43.082604" lon="-89.437902">
        <ele>265.33</ele>
      </trkpt>
      <trkpt lat="43.082541" lon="-89.438367">
        <ele>268.31</ele>
      </trkpt>
      <trkpt lat="43.082518" lon="-89.438665">
        <ele>269.36</ele>
      </trkpt>
      <trkpt lat="43.082494" lon="-89.438767">
        <ele>269.57</ele>
      </trkpt>
      <trkpt lat="43.082414" lon="-89.439001">
        <ele>270.99</ele>
      </trkpt>
      <trkpt lat="43.082162" lon="-89.439496">
        <ele>273.86</ele>
      </trkpt>
      <trkpt lat="43.08193" lon="-89.440036">
        <ele>277.5</ele>
      </trkpt>
      <trkpt lat="43.081879" lon="-89.440198">
        <ele>278.8</ele>
      </trkpt>
      <trkpt lat="43.081849" lon="-89.440319">
        <ele>279.32</ele>
      </trkpt>
      <trkpt lat="43.081824" lon="-89.440448">
        <ele>280.48</ele>
      </trkpt>
      <trkpt lat="43.081804" lon="-89.440622">
        <ele>281.75</ele>
      </trkpt>
      <trkpt lat="43.081797" lon="-89.440783">
        <ele>282</ele>
      </trkpt>
      <trkpt lat="43.081803" lon="-89.44093">
        <ele>281.46</ele>
      </trkpt>
      <trkpt lat="43.081826" lon="-89.4411">
        <ele>280.47</ele>
      </trkpt>
      <trkpt lat="43.081917" lon="-89.441553">
        <ele>279.59</ele>
      </trkpt>
      <trkpt lat="43.082064" lon="-89.442245">
        <ele>280</ele>
      </trkpt>
      <trkpt lat="43.082098" lon="-89.44246">
        <ele>280.15</ele>
      </trkpt>
      <trkpt lat="43.082124" lon="-89.442775">
        <ele>280.43</ele>
      </trkpt>
      <trkpt lat="43.082143" lon="-89.443132">
        <ele>280.49</ele>
      </trkpt>
      <trkpt lat="43.082143" lon="-89.443596">
        <ele>280</ele>
      </trkpt>
      <trkpt lat="43.082131" lon="-89.443804">
        <ele>279.75</ele>
      </trkpt>
      <trkpt lat="43.082093" lon="-89.444134">
        <ele>278</ele>
      </trkpt>
      <trkpt lat="43.082043" lon="-89.444489">
        <ele>277.71</ele>
      </trkpt>
      <trkpt lat="43.082026" lon="-89.444551">
        <ele>277.57</ele>
      </trkpt>
      <trkpt lat="43.081986" lon="-89.444622">
        <ele>277.25</ele>
      </trkpt>
      <trkpt lat="43.081905" lon="-89.444709">
        <ele>277</ele>
      </trkpt>
      <trkpt lat="43.081965" lon="-89.444822">
        <ele>277.24</ele>
      </trkpt>
      <trkpt lat="43.082003" lon="-89.444919">
        <ele>277.84</ele>
      </trkpt>
      <trkpt lat="43.082035" lon="-89.445052">
        <ele>278</ele>
      </trkpt>
      <trkpt lat="43.082047" lon="-89.445172">
        <ele>278.15</ele>
      </trkpt>
      <trkpt lat="43.082042" lon="-89.445335">
        <ele>278.75</ele>
      </trkpt>
      <trkpt lat="43.082011" lon="-89.44549">
        <ele>279.03</ele>
      </trkpt>
      <trkpt lat="43.081983" lon="-89.445569">
        <ele>279.12</ele>
      </trkpt>
      <trkpt lat="43.081919" lon="-89.445685">
        <ele>279</ele>
      </trkpt>
      <trkpt lat="43.081874" lon="-89.445743">
        <ele>279</ele>
      </trkpt>
      <trkpt lat="43.081909" lon="-89.445787">
        <ele>279</ele>
      </trkpt>
      <trkpt lat="43.0824" lon="-89.446416">
        <ele>281</ele>
      </trkpt>
      <trkpt lat="43.082531" lon="-89.446552">
        <ele>281.69</ele>
      </trkpt>
      <trkpt lat="43.082909" lon="-89.447033">
        <ele>286</ele>
      </trkpt>
      <trkpt lat="43.082989" lon="-89.447141">
        <ele>285.84</ele>
      </trkpt>
      <trkpt lat="43.083111" lon="-89.447323">
        <ele>284.85</ele>
      </trkpt>
      <trkpt lat="43.083134" lon="-89.447367">
        <ele>284.62</ele>
      </trkpt>
      <trkpt lat="43.083136" lon="-89.447387">
        <ele>284.51</ele>
      </trkpt>
      <trkpt lat="43.083219" lon="-89.447549">
        <ele>283</ele>
      </trkpt>
      <trkpt lat="43.083299" lon="-89.447724">
        <ele>282.3</ele>
      </trkpt>
      <trkpt lat="43.083613" lon="-89.448492">
        <ele>281</ele>
      </trkpt>
      <trkpt lat="43.083607" lon="-89.448647">
        <ele>281</ele>
      </trkpt>
      <trkpt lat="43.083582" lon="-89.448816">
        <ele>281</ele>
      </trkpt>
      <trkpt lat="43.083587" lon="-89.448948">
        <ele>281</ele>
      </trkpt>
      <trkpt lat="43.083448" lon="-89.449298">
        <ele>281</ele>
      </trkpt>
      <trkpt lat="43.083344" lon="-89.449583">
        <ele>281</ele>
      </trkpt>
      <trkpt lat="43.083289" lon="-89.449759">
        <ele>281.92</ele>
      </trkpt>
      <trkpt lat="43.083087" lon="-89.450517">
        <ele>283</ele>
      </trkpt>
      <trkpt lat="43.083018" lon="-89.450894">
        <ele>284</ele>
      </trkpt>
      <trkpt lat="43.082935" lon="-89.451469">
        <ele>283.04</ele>
      </trkpt>
      <trkpt lat="43.082908" lon="-89.451849">
        <ele>281.97</ele>
      </trkpt>
      <trkpt lat="43.082841" lon="-89.451844">
        <ele>282</ele>
      </trkpt>
      <trkpt lat="43.082726" lon="-89.452327">
        <ele>280.03</ele>
      </trkpt>
      <trkpt lat="43.082478" lon="-89.452691">
        <ele>279.06</ele>
      </trkpt>
      <trkpt lat="43.082333" lon="-89.452872">
        <ele>279.02</ele>
      </trkpt>
      <trkpt lat="43.081792" lon="-89.453653">
        <ele>280.07</ele>
      </trkpt>
      <trkpt lat="43.081695" lon="-89.45389">
        <ele>280.22</ele>
      </trkpt>
      <trkpt lat="43.080726" lon="-89.456717">
        <ele>278.52</ele>
      </trkpt>
      <trkpt lat="43.080494" lon="-89.457422">
        <ele>277.84</ele>
      </trkpt>
      <trkpt lat="43.080386" lon="-89.457763">
        <ele>279</ele>
      </trkpt>
      <trkpt lat="43.080309" lon="-89.458149">
        <ele>280.03</ele>
      </trkpt>
      <trkpt lat="43.080278" lon="-89.458413">
        <ele>279.34</ele>
      </trkpt>
      <trkpt lat="43.080254" lon="-89.458721">
        <ele>279.53</ele>
      </trkpt>
      <trkpt lat="43.080254" lon="-89.458932">
        <ele>278.42</ele>
      </trkpt>
      <trkpt lat="43.080245" lon="-89.459081">
        <ele>277.97</ele>
      </trkpt>
      <trkpt lat="43.080253" lon="-89.459209">
        <ele>277.62</ele>
      </trkpt>
      <trkpt lat="43.080274" lon="-89.459333">
        <ele>276.83</ele>
      </trkpt>
      <trkpt lat="43.080487" lon="-89.459895">
        <ele>273.87</ele>
      </trkpt>
      <trkpt lat="43.080513" lon="-89.460002">
        <ele>273.27</ele>
      </trkpt>
      <trkpt lat="43.080518" lon="-89.460109">
        <ele>272.97</ele>
      </trkpt>
      <trkpt lat="43.080488" lon="-89.460547">
        <ele>272.67</ele>
      </trkpt>
      <trkpt lat="43.080467" lon="-89.460702">
        <ele>272.76</ele>
      </trkpt>
      <trkpt lat="43.080303" lon="-89.461544">
        <ele>273.23</ele>
      </trkpt>
      <trkpt lat="43.080278" lon="-89.461777">
        <ele>272.85</ele>
      </trkpt>
      <trkpt lat="43.080277" lon="-89.462106">
        <ele>271.47</ele>
      </trkpt>
      <trkpt lat="43.080306" lon="-89.463194">
        <ele>269.23</ele>
      </trkpt>
      <trkpt lat="43.080328" lon="-89.463705">
        <ele>268.93</ele>
      </trkpt>
      <trkpt lat="43.080376" lon="-89.46422">
        <ele>269.51</ele>
      </trkpt>
      <trkpt lat="43.080535" lon="-89.465757">
        <ele>276.92</ele>
      </trkpt>
      <trkpt lat="43.080637" lon="-89.466686">
        <ele>275.19</ele>
      </trkpt>
      <trkpt lat="43.080648" lon="-89.466929">
        <ele>273.69</ele>
      </trkpt>
      <trkpt lat="43.080637" lon="-89.467269">
        <ele>272.64</ele>
      </trkpt>
      <trkpt lat="43.080574" lon="-89.4678">
        <ele>270.21</ele>
      </trkpt>
      <trkpt lat="43.080467" lon="-89.46826">
        <ele>268.39</ele>
      </trkpt>
      <trkpt lat="43.08033" lon="-89.468769">
        <ele>265.6</ele>
      </trkpt>
      <trkpt lat="43.080302" lon="-89.46895">
        <ele>264.63</ele>
      </trkpt>
      <trkpt lat="43.080298" lon="-89.469277">
        <ele>263.12</ele>
      </trkpt>
      <trkpt lat="43.08034" lon="-89.469523">
        <ele>262.07</ele>
      </trkpt>
      <trkpt lat="43.08039" lon="-89.469711">
        <ele>261.45</ele>
      </trkpt>
      <trkpt lat="43.08044" lon="-89.469849">
        <ele>261.05</ele>
      </trkpt>
      <trkpt lat="43.080492" lon="-89.46995">
        <ele>260.73</ele>
      </trkpt>
      <trkpt lat="43.080639" lon="-89.470185">
        <ele>260.8</ele>
      </trkpt>
      <trkpt lat="43.080733" lon="-89.470302">
        <ele>261</ele>
      </trkpt>
      <trkpt lat="43.080859" lon="-89.470402">
        <ele>261</ele>
      </trkpt>
      <trkpt lat="43.080963" lon="-89.470464">
        <ele>261.26</ele>
      </trkpt>
      <trkpt lat="43.081126" lon="-89.470524">
        <ele>261.77</ele>
      </trkpt>
      <trkpt lat="43.081093" lon="-89.470775">
        <ele>262.05</ele>
      </trkpt>
      <trkpt lat="43.081043" lon="-89.470974">
        <ele>263</ele>
      </trkpt>
      <trkpt lat="43.081001" lon="-89.471055">
        <ele>263</ele>
      </trkpt>
      <trkpt lat="43.080719" lon="-89.471484">
        <ele>264.18</ele>
      </trkpt>
      <trkpt lat="43.080759" lon="-89.471531">
        <ele>264.46</ele>
      </trkpt>
      <trkpt lat="43.080787" lon="-89.471563">
        <ele>264.64</ele>
      </trkpt>
      <trkpt lat="43.080297" lon="-89.472307">
        <ele>266.97</ele>
      </trkpt>
      <trkpt lat="43.080212" lon="-89.472499">
        <ele>266.94</ele>
      </trkpt>
      <trkpt lat="43.080258" lon="-89.472578">
        <ele>266.78</ele>
      </trkpt>
      <trkpt lat="43.080516" lon="-89.472866">
        <ele>270.12</ele>
      </trkpt>
      <trkpt lat="43.080735" lon="-89.473134">
        <ele>271.71</ele>
      </trkpt>
      <trkpt lat="43.08129" lon="-89.473771">
        <ele>275.74</ele>
      </trkpt>
      <trkpt lat="43.08234" lon="-89.474974">
        <ele>275.48</ele>
      </trkpt>
      <trkpt lat="43.08247" lon="-89.475138">
        <ele>275.94</ele>
      </trkpt>
      <trkpt lat="43.08263" lon="-89.475367">
        <ele>276</ele>
      </trkpt>
      <trkpt lat="43.084736" lon="-89.477791">
        <ele>277</ele>
      </trkpt>
      <trkpt lat="43.084778" lon="-89.477863">
        <ele>277</ele>
      </trkpt>
      <trkpt lat="43.085329" lon="-89.478585">
        <ele>277.46</ele>
      </trkpt>
      <trkpt lat="43.085828" lon="-89.479321">
        <ele>274.37</ele>
      </trkpt>
      <trkpt lat="43.086091" lon="-89.479731">
        <ele>271.94</ele>
      </trkpt>
      <trkpt lat="43.08654" lon="-89.480488">
        <ele>268.01</ele>
      </trkpt>
      <trkpt lat="43.087052" lon="-89.481328">
        <ele>268.91</ele>
      </trkpt>
      <trkpt lat="43.088316" lon="-89.483451">
        <ele>276.16</ele>
      </trkpt>
      <trkpt lat="43.089387" lon="-89.485218">
        <ele>281</ele>
      </trkpt>
      <trkpt lat="43.089671" lon="-89.485669">
        <ele>282</ele>
      </trkpt>
      <trkpt lat="43.089762" lon="-89.485753">
        <ele>282.02</ele>
      </trkpt>
      <trkpt lat="43.089849" lon="-89.485789">
        <ele>282.3</ele>
      </trkpt>
      <trkpt lat="43.090342" lon="-89.48565">
        <ele>281.22</ele>
      </trkpt>
      <trkpt lat="43.090713" lon="-89.485564">
        <ele>279.27</ele>
      </trkpt>
      <trkpt lat="43.090998" lon="-89.485481">
        <ele>277</ele>
      </trkpt>
      <trkpt lat="43.091556" lon="-89.485353">
        <ele>272.84</ele>
      </trkpt>
      <trkpt lat="43.091918" lon="-89.485331">
        <ele>269.68</ele>
      </trkpt>
      <trkpt lat="43.092226" lon="-89.485344">
        <ele>267.23</ele>
      </trkpt>
      <trkpt lat="43.09303" lon="-89.485419">
        <ele>264</ele>
      </trkpt>
      <trkpt lat="43.093638" lon="-89.48547">
        <ele>263</ele>
      </trkpt>
      <trkpt lat="43.093638" lon="-89.485468">
        <ele>263</ele>
      </trkpt>
      <trkpt lat="43.093638" lon="-89.48547">
        <ele>263</ele>
      </trkpt>
      <trkpt lat="43.094355" lon="-89.485571">
        <ele>263</ele>
      </trkpt>
      <trkpt lat="43.095298" lon="-89.485658">
        <ele>263.14</ele>
      </trkpt>
      <trkpt lat="43.09621" lon="-89.485768">
        <ele>263</ele>
      </trkpt>
      <trkpt lat="43.096373" lon="-89.485781">
        <ele>263</ele>
      </trkpt>
      <trkpt lat="43.098024" lon="-89.485934">
        <ele>262</ele>
      </trkpt>
      <trkpt lat="43.099447" lon="-89.486083">
        <ele>262</ele>
      </trkpt>
      <trkpt lat="43.099714" lon="-89.486071">
        <ele>262</ele>
      </trkpt>
      <trkpt lat="43.100648" lon="-89.486097">
        <ele>262</ele>
      </trkpt>
      <trkpt lat="43.101282" lon="-89.486077">
        <ele>262</ele>
      </trkpt>
      <trkpt lat="43.102513" lon="-89.486046">
        <ele>261.15</ele>
      </trkpt>
      <trkpt lat="43.103003" lon="-89.486041">
        <ele>262.18</ele>
      </trkpt>
      <trkpt lat="43.103295" lon="-89.486082">
        <ele>262.91</ele>
      </trkpt>
      <trkpt lat="43.103326" lon="-89.486078">
        <ele>263</ele>
      </trkpt>
      <trkpt lat="43.103505" lon="-89.486119">
        <ele>263.58</ele>
      </trkpt>
      <trkpt lat="43.10381" lon="-89.486221">
        <ele>264.02</ele>
      </trkpt>
      <trkpt lat="43.10396" lon="-89.486287">
        <ele>265</ele>
      </trkpt>
      <trkpt lat="43.104116" lon="-89.486369">
        <ele>265.12</ele>
      </trkpt>
      <trkpt lat="43.104372" lon="-89.486529">
        <ele>266</ele>
      </trkpt>
      <trkpt lat="43.104442" lon="-89.486542">
        <ele>266</ele>
      </trkpt>
      <trkpt lat="43.104487" lon="-89.48653">
        <ele>266</ele>
      </trkpt>
      <trkpt lat="43.10453" lon="-89.486501">
        <ele>266</ele>
      </trkpt>
      <trkpt lat="43.104589" lon="-89.486424">
        <ele>266</ele>
      </trkpt>
      <trkpt lat="43.104725" lon="-89.486117">
        <ele>266.52</ele>
      </trkpt>
      <trkpt lat="43.105217" lon="-89.485108">
        <ele>266.47</ele>
      </trkpt>
      <trkpt lat="43.10562" lon="-89.484266">
        <ele>264.29</ele>
      </trkpt>
      <trkpt lat="43.106065" lon="-89.483392">
        <ele>260.53</ele>
      </trkpt>
      <trkpt lat="43.106151" lon="-89.483182">
        <ele>261.38</ele>
      </trkpt>
      <trkpt lat="43.106334" lon="-89.482807">
        <ele>262</ele>
      </trkpt>
      <trkpt lat="43.106333" lon="-89.482782">
        <ele>262</ele>
      </trkpt>
      <trkpt lat="43.106344" lon="-89.482779">
        <ele>262</ele>
      </trkpt>
      <trkpt lat="43.106412" lon="-89.482633">
        <ele>262</ele>
      </trkpt>
      <trkpt lat="43.106782" lon="-89.481871">
        <ele>264.43</ele>
      </trkpt>
      <trkpt lat="43.107021" lon="-89.481413">
        <ele>267.09</ele>
      </trkpt>
      <trkpt lat="43.107482" lon="-89.480425">
        <ele>274.08</ele>
      </trkpt>
      <trkpt lat="43.107645" lon="-89.480103">
        <ele>276.18</ele>
      </trkpt>
      <trkpt lat="43.107794" lon="-89.479784">
        <ele>277.68</ele>
      </trkpt>
      <trkpt lat="43.10785" lon="-89.479664">
        <ele>278.26</ele>
      </trkpt>
      <trkpt lat="43.107883" lon="-89.479628">
        <ele>278.47</ele>
      </trkpt>
      <trkpt lat="43.108311" lon="-89.478716">
        <ele>281.77</ele>
      </trkpt>
      <trkpt lat="43.108788" lon="-89.477775">
        <ele>283.27</ele>
      </trkpt>
      <trkpt lat="43.109492" lon="-89.476327">
        <ele>281.51</ele>
      </trkpt>
      <trkpt lat="43.109551" lon="-89.476191">
        <ele>281.28</ele>
      </trkpt>
      <trkpt lat="43.109892" lon="-89.475501">
        <ele>280.74</ele>
      </trkpt>
      <trkpt lat="43.110191" lon="-89.474864">
        <ele>279.97</ele>
      </trkpt>
      <trkpt lat="43.111431" lon="-89.472391">
        <ele>272.59</ele>
      </trkpt>
      <trkpt lat="43.111499" lon="-89.472227">
        <ele>272.13</ele>
      </trkpt>
      <trkpt lat="43.111576" lon="-89.471996">
        <ele>270.45</ele>
      </trkpt>
      <trkpt lat="43.111621" lon="-89.471819">
        <ele>269.13</ele>
      </trkpt>
      <trkpt lat="43.111622" lon="-89.471776">
        <ele>269</ele>
      </trkpt>
      <trkpt lat="43.11164" lon="-89.471758">
        <ele>269</ele>
      </trkpt>
      <trkpt lat="43.111666" lon="-89.471621">
        <ele>268.99</ele>
      </trkpt>
      <trkpt lat="43.111746" lon="-89.47164">
        <ele>269.02</ele>
      </trkpt>
      <trkpt lat="43.111772" lon="-89.471494">
        <ele>268.24</ele>
      </trkpt>
      <trkpt lat="43.11192" lon="-89.471516">
        <ele>268.75</ele>
      </trkpt>
      <trkpt lat="43.111941" lon="-89.471519">
        <ele>268.86</ele>
      </trkpt>
      <trkpt lat="43.111977" lon="-89.471411">
        <ele>268.76</ele>
      </trkpt>
      <trkpt lat="43.111999" lon="-89.471364">
        <ele>268.49</ele>
      </trkpt>
      <trkpt lat="43.111989" lon="-89.471317">
        <ele>268.21</ele>
      </trkpt>
      <trkpt lat="43.112012" lon="-89.471003">
        <ele>267.39</ele>
      </trkpt>
      <trkpt lat="43.112022" lon="-89.470727">
        <ele>267</ele>
      </trkpt>
      <trkpt lat="43.112033" lon="-89.469957">
        <ele>266.15</ele>
      </trkpt>
      <trkpt lat="43.11203" lon="-89.46929">
        <ele>265.47</ele>
      </trkpt>
      <trkpt lat="43.112029" lon="-89.469167">
        <ele>265.47</ele>
      </trkpt>
      <trkpt lat="43.112022" lon="-89.466927">
        <ele>265</ele>
      </trkpt>
      <trkpt lat="43.112054" lon="-89.466858">
        <ele>265</ele>
      </trkpt>
      <trkpt lat="43.112053" lon="-89.466797">
        <ele>265</ele>
      </trkpt>
      <trkpt lat="43.111945" lon="-89.466789">
        <ele>265</ele>
      </trkpt>
      <trkpt lat="43.111943" lon="-89.466111">
        <ele>265.78</ele>
      </trkpt>
      <trkpt lat="43.111969" lon="-89.464405">
        <ele>265.99</ele>
      </trkpt>
      <trkpt lat="43.111971" lon="-89.463923">
        <ele>265.22</ele>
      </trkpt>
      <trkpt lat="43.111955" lon="-89.463359">
        <ele>264.88</ele>
      </trkpt>
      <trkpt lat="43.111921" lon="-89.462998">
        <ele>264.66</ele>
      </trkpt>
      <trkpt lat="43.111911" lon="-89.462682">
        <ele>265</ele>
      </trkpt>
      <trkpt lat="43.111917" lon="-89.460689">
        <ele>269</ele>
      </trkpt>
      <trkpt lat="43.111967" lon="-89.459973">
        <ele>271.74</ele>
      </trkpt>
      <trkpt lat="43.11199" lon="-89.459753">
        <ele>272.85</ele>
      </trkpt>
      <trkpt lat="43.112017" lon="-89.459625">
        <ele>272.91</ele>
      </trkpt>
      <trkpt lat="43.11214" lon="-89.459173">
        <ele>274.04</ele>
      </trkpt>
      <trkpt lat="43.112277" lon="-89.458772">
        <ele>274.32</ele>
      </trkpt>
      <trkpt lat="43.1126" lon="-89.458216">
        <ele>275</ele>
      </trkpt>
      <trkpt lat="43.112995" lon="-89.457733">
        <ele>274.96</ele>
      </trkpt>
      <trkpt lat="43.113616" lon="-89.457202">
        <ele>273.13</ele>
      </trkpt>
      <trkpt lat="43.114071" lon="-89.45679">
        <ele>271.02</ele>
      </trkpt>
      <trkpt lat="43.114918" lon="-89.456001">
        <ele>267.56</ele>
      </trkpt>
      <trkpt lat="43.116101" lon="-89.454934">
        <ele>266</ele>
      </trkpt>
      <trkpt lat="43.117174" lon="-89.453939">
        <ele>265.54</ele>
      </trkpt>
      <trkpt lat="43.11807" lon="-89.453095">
        <ele>268.89</ele>
      </trkpt>
      <trkpt lat="43.118479" lon="-89.452605">
        <ele>269.83</ele>
      </trkpt>
      <trkpt lat="43.118817" lon="-89.452019">
        <ele>270.54</ele>
      </trkpt>
      <trkpt lat="43.119124" lon="-89.452111">
        <ele>271.56</ele>
      </trkpt>
      <trkpt lat="43.119486" lon="-89.452055">
        <ele>272.86</ele>
      </trkpt>
      <trkpt lat="43.119816" lon="-89.451962">
        <ele>274.49</ele>
      </trkpt>
      <trkpt lat="43.119854" lon="-89.451879">
        <ele>274.79</ele>
      </trkpt>
      <trkpt lat="43.120077" lon="-89.45154">
        <ele>276.23</ele>
      </trkpt>
      <trkpt lat="43.120178" lon="-89.451423">
        <ele>276.92</ele>
      </trkpt>
      <trkpt lat="43.120271" lon="-89.451349">
        <ele>277.33</ele>
      </trkpt>
      <trkpt lat="43.120376" lon="-89.45129">
        <ele>278.47</ele>
      </trkpt>
      <trkpt lat="43.120473" lon="-89.451251">
        <ele>279.14</ele>
      </trkpt>
      <trkpt lat="43.120588" lon="-89.451241">
        <ele>280.44</ele>
      </trkpt>
      <trkpt lat="43.120703" lon="-89.451256">
        <ele>281.71</ele>
      </trkpt>
      <trkpt lat="43.120801" lon="-89.45129">
        <ele>282.81</ele>
      </trkpt>
      <trkpt lat="43.121067" lon="-89.451492">
        <ele>286.33</ele>
      </trkpt>
      <trkpt lat="43.121155" lon="-89.451574">
        <ele>287.43</ele>
      </trkpt>
      <trkpt lat="43.121361" lon="-89.451589">
        <ele>287.9</ele>
      </trkpt>
      <trkpt lat="43.121564" lon="-89.451545">
        <ele>289.41</ele>
      </trkpt>
      <trkpt lat="43.121673" lon="-89.451549">
        <ele>290.28</ele>
      </trkpt>
      <trkpt lat="43.121785" lon="-89.451606">
        <ele>291.07</ele>
      </trkpt>
      <trkpt lat="43.12191" lon="-89.451779">
        <ele>291.06</ele>
      </trkpt>
      <trkpt lat="43.122429" lon="-89.451745">
        <ele>292.29</ele>
      </trkpt>
      <trkpt lat="43.122468" lon="-89.451714">
        <ele>292.67</ele>
      </trkpt>
      <trkpt lat="43.122748" lon="-89.451834">
        <ele>291.21</ele>
      </trkpt>
      <trkpt lat="43.123069" lon="-89.451738">
        <ele>290.22</ele>
      </trkpt>
      <trkpt lat="43.123351" lon="-89.451802">
        <ele>287.6</ele>
      </trkpt>
      <trkpt lat="43.123571" lon="-89.451689">
        <ele>286.51</ele>
      </trkpt>
      <trkpt lat="43.123888" lon="-89.45163">
        <ele>284.32</ele>
      </trkpt>
      <trkpt lat="43.124291" lon="-89.451389">
        <ele>281.52</ele>
      </trkpt>
      <trkpt lat="43.124636" lon="-89.451598">
        <ele>278.5</ele>
      </trkpt>
      <trkpt lat="43.124831" lon="-89.451743">
        <ele>277</ele>
      </trkpt>
      <trkpt lat="43.125481" lon="-89.451748">
        <ele>275.44</ele>
      </trkpt>
      <trkpt lat="43.125654" lon="-89.451582">
        <ele>274.48</ele>
      </trkpt>
      <trkpt lat="43.125771" lon="-89.451529">
        <ele>274.94</ele>
      </trkpt>
      <trkpt lat="43.12608" lon="-89.450611">
        <ele>274.39</ele>
      </trkpt>
      <trkpt lat="43.126163" lon="-89.449984">
        <ele>274</ele>
      </trkpt>
      <trkpt lat="43.126178" lon="-89.449603">
        <ele>274</ele>
      </trkpt>
      <trkpt lat="43.126272" lon="-89.449115">
        <ele>274</ele>
      </trkpt>
      <trkpt lat="43.126249" lon="-89.448675">
        <ele>272.69</ele>
      </trkpt>
      <trkpt lat="43.126182" lon="-89.448369">
        <ele>272</ele>
      </trkpt>
      <trkpt lat="43.126182" lon="-89.448111">
        <ele>272</ele>
      </trkpt>
      <trkpt lat="43.126249" lon="-89.447677">
        <ele>272</ele>
      </trkpt>
      <trkpt lat="43.126327" lon="-89.447559">
        <ele>272.35</ele>
      </trkpt>
      <trkpt lat="43.126327" lon="-89.446228">
        <ele>272.35</ele>
      </trkpt>
      <trkpt lat="43.126335" lon="-89.445885">
        <ele>272</ele>
      </trkpt>
      <trkpt lat="43.126213" lon="-89.445617">
        <ele>271</ele>
      </trkpt>
      <trkpt lat="43.12608" lon="-89.445392">
        <ele>270.7</ele>
      </trkpt>
      <trkpt lat="43.126073" lon="-89.445209">
        <ele>271</ele>
      </trkpt>
      <trkpt lat="43.126257" lon="-89.444866">
        <ele>271</ele>
      </trkpt>
      <trkpt lat="43.126257" lon="-89.444748">
        <ele>271.26</ele>
      </trkpt>
      <trkpt lat="43.12601" lon="-89.444485">
        <ele>272</ele>
      </trkpt>
      <trkpt lat="43.125963" lon="-89.444329">
        <ele>272</ele>
      </trkpt>
      <trkpt lat="43.125939" lon="-89.443836">
        <ele>271.59</ele>
      </trkpt>
      <trkpt lat="43.125904" lon="-89.443755">
        <ele>271</ele>
      </trkpt>
      <trkpt lat="43.125775" lon="-89.443702">
        <ele>271</ele>
      </trkpt>
      <trkpt lat="43.125501" lon="-89.44375">
        <ele>270</ele>
      </trkpt>
      <trkpt lat="43.12538" lon="-89.443707">
        <ele>270</ele>
      </trkpt>
      <trkpt lat="43.125121" lon="-89.443444">
        <ele>269.75</ele>
      </trkpt>
      <trkpt lat="43.124851" lon="-89.443031">
        <ele>269.14</ele>
      </trkpt>
      <trkpt lat="43.1248" lon="-89.442693">
        <ele>270</ele>
      </trkpt>
      <trkpt lat="43.124671" lon="-89.442538">
        <ele>270</ele>
      </trkpt>
      <trkpt lat="43.124795" lon="-89.44243">
        <ele>270</ele>
      </trkpt>
      <trkpt lat="43.125968" lon="-89.442415">
        <ele>273.41</ele>
      </trkpt>
      <trkpt lat="43.126461" lon="-89.442397">
        <ele>274</ele>
      </trkpt>
      <trkpt lat="43.126785" lon="-89.44251">
        <ele>274.27</ele>
      </trkpt>
      <trkpt lat="43.126886" lon="-89.442523">
        <ele>274.84</ele>
      </trkpt>
      <trkpt lat="43.12721" lon="-89.44248">
        <ele>276.83</ele>
      </trkpt>
      <trkpt lat="43.127391" lon="-89.442484">
        <ele>277.9</ele>
      </trkpt>
      <trkpt lat="43.127733" lon="-89.442545">
        <ele>279.07</ele>
      </trkpt>
      <trkpt lat="43.127873" lon="-89.442541">
        <ele>279.16</ele>
      </trkpt>
      <trkpt lat="43.127965" lon="-89.442502">
        <ele>279.51</ele>
      </trkpt>
      <trkpt lat="43.128133" lon="-89.442449">
        <ele>279.62</ele>
      </trkpt>
      <trkpt lat="43.128308" lon="-89.442428">
        <ele>279.75</ele>
      </trkpt>
      <trkpt lat="43.128622" lon="-89.44241">
        <ele>279.94</ele>
      </trkpt>
      <trkpt lat="43.128818" lon="-89.442415">
        <ele>281.03</ele>
      </trkpt>
      <trkpt lat="43.12892" lon="-89.442445">
        <ele>281.66</ele>
      </trkpt>
      <trkpt lat="43.129094" lon="-89.442541">
        <ele>283.43</ele>
      </trkpt>
      <trkpt lat="43.129155" lon="-89.442558">
        <ele>283.87</ele>
      </trkpt>
      <trkpt lat="43.129259" lon="-89.442567">
        <ele>284.65</ele>
      </trkpt>
      <trkpt lat="43.129485" lon="-89.442567">
        <ele>284.97</ele>
      </trkpt>
      <trkpt lat="43.129592" lon="-89.442532">
        <ele>285</ele>
      </trkpt>
      <trkpt lat="43.129741" lon="-89.442467">
        <ele>284.45</ele>
      </trkpt>
      <trkpt lat="43.129856" lon="-89.442432">
        <ele>284</ele>
      </trkpt>
      <trkpt lat="43.12997" lon="-89.442436">
        <ele>284</ele>
      </trkpt>
      <trkpt lat="43.130116" lon="-89.442467">
        <ele>283.74</ele>
      </trkpt>
      <trkpt lat="43.130465" lon="-89.44258">
        <ele>282.96</ele>
      </trkpt>
      <trkpt lat="43.130604" lon="-89.442601">
        <ele>282.42</ele>
      </trkpt>
      <trkpt lat="43.130709" lon="-89.442584">
        <ele>281.96</ele>
      </trkpt>
      <trkpt lat="43.131061" lon="-89.442428">
        <ele>280.62</ele>
      </trkpt>
      <trkpt lat="43.131169" lon="-89.442419">
        <ele>278.95</ele>
      </trkpt>
      <trkpt lat="43.131347" lon="-89.442436">
        <ele>277.36</ele>
      </trkpt>
      <trkpt lat="43.131883" lon="-89.442532">
        <ele>274.39</ele>
      </trkpt>
      <trkpt lat="43.132051" lon="-89.442545">
        <ele>274</ele>
      </trkpt>
      <trkpt lat="43.132156" lon="-89.442541">
        <ele>273.29</ele>
      </trkpt>
      <trkpt lat="43.132996" lon="-89.44241">
        <ele>272</ele>
      </trkpt>
      <trkpt lat="43.133266" lon="-89.442467">
        <ele>272</ele>
      </trkpt>
      <trkpt lat="43.133342" lon="-89.442467">
        <ele>272</ele>
      </trkpt>
      <trkpt lat="43.133409" lon="-89.442436">
        <ele>272</ele>
      </trkpt>
      <trkpt lat="43.133567" lon="-89.442293">
        <ele>272.53</ele>
      </trkpt>
      <trkpt lat="43.13364" lon="-89.442281">
        <ele>272.6</ele>
      </trkpt>
      <trkpt lat="43.133744" lon="-89.442323">
        <ele>272.36</ele>
      </trkpt>
      <trkpt lat="43.133844" lon="-89.442438">
        <ele>272.16</ele>
      </trkpt>
      <trkpt lat="43.134107" lon="-89.442564">
        <ele>272.29</ele>
      </trkpt>
      <trkpt lat="43.134422" lon="-89.442662">
        <ele>272.06</ele>
      </trkpt>
      <trkpt lat="43.134682" lon="-89.44263">
        <ele>269.67</ele>
      </trkpt>
      <trkpt lat="43.134837" lon="-89.442509">
        <ele>268.08</ele>
      </trkpt>
      <trkpt lat="43.134965" lon="-89.442482">
        <ele>266.83</ele>
      </trkpt>
      <trkpt lat="43.135061" lon="-89.442548">
        <ele>266.07</ele>
      </trkpt>
      <trkpt lat="43.135197" lon="-89.442575">
        <ele>265.99</ele>
      </trkpt>
      <trkpt lat="43.135328" lon="-89.442526">
        <ele>265</ele>
      </trkpt>
      <trkpt lat="43.135412" lon="-89.4424">
        <ele>265</ele>
      </trkpt>
      <trkpt lat="43.135423" lon="-89.442242">
        <ele>265.83</ele>
      </trkpt>
      <trkpt lat="43.135426" lon="-89.44199">
        <ele>266.52</ele>
      </trkpt>
      <trkpt lat="43.135433" lon="-89.441737">
        <ele>265</ele>
      </trkpt>
      <trkpt lat="43.13548" lon="-89.441733">
        <ele>264.79</ele>
      </trkpt>
      <trkpt lat="43.135641" lon="-89.441685">
        <ele>264</ele>
      </trkpt>
      <trkpt lat="43.136032" lon="-89.441299">
        <ele>263</ele>
      </trkpt>
      <trkpt lat="43.136385" lon="-89.440832">
        <ele>263</ele>
      </trkpt>
      <trkpt lat="43.136721" lon="-89.440414">
        <ele>262.16</ele>
      </trkpt>
      <trkpt lat="43.136976" lon="-89.43999">
        <ele>263</ele>
      </trkpt>
      <trkpt lat="43.137066" lon="-89.439743">
        <ele>262.58</ele>
      </trkpt>
      <trkpt lat="43.137179" lon="-89.439502">
        <ele>262</ele>
      </trkpt>
      <trkpt lat="43.13729" lon="-89.439405">
        <ele>262</ele>
      </trkpt>
      <trkpt lat="43.137311" lon="-89.439367">
        <ele>262</ele>
      </trkpt>
      <trkpt lat="43.137317" lon="-89.439333">
        <ele>262</ele>
      </trkpt>
      <trkpt lat="43.137332" lon="-89.439174">
        <ele>262.03</ele>
      </trkpt>
      <trkpt lat="43.13737" lon="-89.438914">
        <ele>262</ele>
      </trkpt>
      <trkpt lat="43.137464" lon="-89.438533">
        <ele>262.05</ele>
      </trkpt>
      <trkpt lat="43.137477" lon="-89.438401">
        <ele>262</ele>
      </trkpt>
      <trkpt lat="43.137482" lon="-89.438189">
        <ele>262</ele>
      </trkpt>
      <trkpt lat="43.137473" lon="-89.438085">
        <ele>262</ele>
      </trkpt>
      <trkpt lat="43.137454" lon="-89.437989">
        <ele>262</ele>
      </trkpt>
      <trkpt lat="43.137428" lon="-89.437907">
        <ele>261.79</ele>
      </trkpt>
      <trkpt lat="43.137277" lon="-89.437571">
        <ele>261.59</ele>
      </trkpt>
      <trkpt lat="43.137438" lon="-89.437447">
        <ele>262</ele>
      </trkpt>
      <trkpt lat="43.137578" lon="-89.437378">
        <ele>262</ele>
      </trkpt>
      <trkpt lat="43.137626" lon="-89.437427">
        <ele>262.31</ele>
      </trkpt>
      <trkpt lat="43.137691" lon="-89.437462">
        <ele>262.55</ele>
      </trkpt>
      <trkpt lat="43.137785" lon="-89.437549">
        <ele>262.68</ele>
      </trkpt>
      <trkpt lat="43.138176" lon="-89.438208">
        <ele>262</ele>
      </trkpt>
      <trkpt lat="43.138334" lon="-89.438375">
        <ele>262.01</ele>
      </trkpt>
      <trkpt lat="43.138526" lon="-89.438505">
        <ele>263</ele>
      </trkpt>
      <trkpt lat="43.138961" lon="-89.438688">
        <ele>264</ele>
      </trkpt>
      <trkpt lat="43.139273" lon="-89.438802">
        <ele>262.59</ele>
      </trkpt>
      <trkpt lat="43.139418" lon="-89.438834">
        <ele>262.13</ele>
      </trkpt>
      <trkpt lat="43.139577" lon="-89.438853">
        <ele>261.57</ele>
      </trkpt>
      <trkpt lat="43.139712" lon="-89.438839">
        <ele>261.01</ele>
      </trkpt>
      <trkpt lat="43.139834" lon="-89.438802">
        <ele>261</ele>
      </trkpt>
      <trkpt lat="43.140016" lon="-89.438728">
        <ele>261</ele>
      </trkpt>
      <trkpt lat="43.140083" lon="-89.438687">
        <ele>261</ele>
      </trkpt>
      <trkpt lat="43.140465" lon="-89.437866">
        <ele>262.01</ele>
      </trkpt>
      <trkpt lat="43.140559" lon="-89.437702">
        <ele>262</ele>
      </trkpt>
      <trkpt lat="43.140614" lon="-89.437764">
        <ele>261.69</ele>
      </trkpt>
      <trkpt lat="43.140663" lon="-89.437784">
        <ele>261.18</ele>
      </trkpt>
      <trkpt lat="43.140708" lon="-89.437784">
        <ele>260.82</ele>
      </trkpt>
      <trkpt lat="43.140818" lon="-89.437711">
        <ele>260.2</ele>
      </trkpt>
      <trkpt lat="43.140848" lon="-89.437656">
        <ele>260</ele>
      </trkpt>
      <trkpt lat="43.140984" lon="-89.437718">
        <ele>260.75</ele>
      </trkpt>
      <trkpt lat="43.141001" lon="-89.437727">
        <ele>260.76</ele>
      </trkpt>
      <trkpt lat="43.141312" lon="-89.437899">
        <ele>260.98</ele>
      </trkpt>
      <trkpt lat="43.141837" lon="-89.438257">
        <ele>264</ele>
      </trkpt>
      <trkpt lat="43.141923" lon="-89.438306">
        <ele>264.61</ele>
      </trkpt>
      <trkpt lat="43.142008" lon="-89.438326">
        <ele>265</ele>
      </trkpt>
      <trkpt lat="43.142637" lon="-89.438361">
        <ele>265.39</ele>
      </trkpt>
      <trkpt lat="43.144483" lon="-89.438455">
        <ele>262</ele>
      </trkpt>
      <trkpt lat="43.144605" lon="-89.438475">
        <ele>262</ele>
      </trkpt>
      <trkpt lat="43.144717" lon="-89.438509">
        <ele>262</ele>
      </trkpt>
      <trkpt lat="43.144821" lon="-89.438557">
        <ele>262</ele>
      </trkpt>
      <trkpt lat="43.144909" lon="-89.438616">
        <ele>262</ele>
      </trkpt>
      <trkpt lat="43.14499" lon="-89.438554">
        <ele>262</ele>
      </trkpt>
      <trkpt lat="43.145093" lon="-89.438531">
        <ele>262</ele>
      </trkpt>
      <trkpt lat="43.145652" lon="-89.438566">
        <ele>261.8</ele>
      </trkpt>
      <trkpt lat="43.145813" lon="-89.438613">
        <ele>261.96</ele>
      </trkpt>
      <trkpt lat="43.145901" lon="-89.43865">
        <ele>261.71</ele>
      </trkpt>
      <trkpt lat="43.146003" lon="-89.43866">
        <ele>261.66</ele>
      </trkpt>
      <trkpt lat="43.146098" lon="-89.438636">
        <ele>261.8</ele>
      </trkpt>
      <trkpt lat="43.146258" lon="-89.438501">
        <ele>261.42</ele>
      </trkpt>
      <trkpt lat="43.146324" lon="-89.438363">
        <ele>261</ele>
      </trkpt>
      <trkpt lat="43.146859" lon="-89.43558">
        <ele>261</ele>
      </trkpt>
      <trkpt lat="43.146974" lon="-89.435258">
        <ele>261</ele>
      </trkpt>
      <trkpt lat="43.147021" lon="-89.435085">
        <ele>261</ele>
      </trkpt>
      <trkpt lat="43.147049" lon="-89.434906">
        <ele>261</ele>
      </trkpt>
      <trkpt lat="43.147081" lon="-89.434725">
        <ele>261.05</ele>
      </trkpt>
      <trkpt lat="43.147622" lon="-89.432081">
        <ele>261.67</ele>
      </trkpt>
      <trkpt lat="43.147652" lon="-89.431998">
        <ele>261.69</ele>
      </trkpt>
      <trkpt lat="43.148165" lon="-89.429918">
        <ele>262.18</ele>
      </trkpt>
      <trkpt lat="43.148274" lon="-89.429635">
        <ele>262.3</ele>
      </trkpt>
      <trkpt lat="43.148672" lon="-89.427851">
        <ele>263</ele>
      </trkpt>
      <trkpt lat="43.149103" lon="-89.425689">
        <ele>263</ele>
      </trkpt>
      <trkpt lat="43.149375" lon="-89.424127">
        <ele>262.99</ele>
      </trkpt>
      <trkpt lat="43.149524" lon="-89.423097">
        <ele>262.18</ele>
      </trkpt>
      <trkpt lat="43.149634" lon="-89.42242">
        <ele>262.93</ele>
      </trkpt>
      <trkpt lat="43.149861" lon="-89.42127">
        <ele>262.06</ele>
      </trkpt>
      <trkpt lat="43.150321" lon="-89.418824">
        <ele>262.01</ele>
      </trkpt>
      <trkpt lat="43.150337" lon="-89.418582">
        <ele>262</ele>
      </trkpt>
      <trkpt lat="43.150378" lon="-89.41826">
        <ele>261.74</ele>
      </trkpt>
      <trkpt lat="43.150321" lon="-89.418126">
        <ele>261.45</ele>
      </trkpt>
      <trkpt lat="43.150281" lon="-89.417939">
        <ele>261</ele>
      </trkpt>
      <trkpt lat="43.150197" lon="-89.417444">
        <ele>261</ele>
      </trkpt>
      <trkpt lat="43.150161" lon="-89.417159">
        <ele>261</ele>
      </trkpt>
      <trkpt lat="43.150089" lon="-89.416481">
        <ele>261</ele>
      </trkpt>
      <trkpt lat="43.150076" lon="-89.416199">
        <ele>261</ele>
      </trkpt>
      <trkpt lat="43.150085" lon="-89.415969">
        <ele>261</ele>
      </trkpt>
      <trkpt lat="43.1501" lon="-89.415858">
        <ele>261</ele>
      </trkpt>
      <trkpt lat="43.150162" lon="-89.415541">
        <ele>261</ele>
      </trkpt>
      <trkpt lat="43.150407" lon="-89.414594">
        <ele>261.3</ele>
      </trkpt>
      <trkpt lat="43.150434" lon="-89.414527">
        <ele>261.44</ele>
      </trkpt>
      <trkpt lat="43.150571" lon="-89.414227">
        <ele>261.15</ele>
      </trkpt>
      <trkpt lat="43.150642" lon="-89.414123">
        <ele>261.06</ele>
      </trkpt>
      <trkpt lat="43.150896" lon="-89.413791">
        <ele>261.11</ele>
      </trkpt>
      <trkpt lat="43.151015" lon="-89.413696">
        <ele>262</ele>
      </trkpt>
      <trkpt lat="43.151049" lon="-89.413599">
        <ele>262</ele>
      </trkpt>
      <trkpt lat="43.151255" lon="-89.413548">
        <ele>262</ele>
      </trkpt>
      <trkpt lat="43.151399" lon="-89.413572">
        <ele>262.54</ele>
      </trkpt>
      <trkpt lat="43.151443" lon="-89.413553">
        <ele>262.67</ele>
      </trkpt>
      <trkpt lat="43.15149" lon="-89.413509">
        <ele>262.86</ele>
      </trkpt>
      <trkpt lat="43.151513" lon="-89.413474">
        <ele>263</ele>
      </trkpt>
      <trkpt lat="43.151565" lon="-89.413309">
        <ele>262.97</ele>
      </trkpt>
      <trkpt lat="43.151753" lon="-89.412464">
        <ele>262.94</ele>
      </trkpt>
      <trkpt lat="43.15192" lon="-89.411795">
        <ele>263</ele>
      </trkpt>
      <trkpt lat="43.152127" lon="-89.411048">
        <ele>262.98</ele>
      </trkpt>
      <trkpt lat="43.152236" lon="-89.410613">
        <ele>263</ele>
      </trkpt>
      <trkpt lat="43.152313" lon="-89.410655">
        <ele>263</ele>
      </trkpt>
      <trkpt lat="43.152377" lon="-89.410457">
        <ele>263</ele>
      </trkpt>
      <trkpt lat="43.152234" lon="-89.410354">
        <ele>263</ele>
      </trkpt>
      <trkpt lat="43.152195" lon="-89.410311">
        <ele>263</ele>
      </trkpt>
      <trkpt lat="43.152157" lon="-89.410234">
        <ele>263</ele>
      </trkpt>
      <trkpt lat="43.152135" lon="-89.410136">
        <ele>262.98</ele>
      </trkpt>
      <trkpt lat="43.152132" lon="-89.410079">
        <ele>262.96</ele>
      </trkpt>
      <trkpt lat="43.152157" lon="-89.409933">
        <ele>262.84</ele>
      </trkpt>
      <trkpt lat="43.152323" lon="-89.409462">
        <ele>262.52</ele>
      </trkpt>
      <trkpt lat="43.152434" lon="-89.409111">
        <ele>262.63</ele>
      </trkpt>
      <trkpt lat="43.152555" lon="-89.40866">
        <ele>262.67</ele>
      </trkpt>
      <trkpt lat="43.152801" lon="-89.407514">
        <ele>262.71</ele>
      </trkpt>
      <trkpt lat="43.152965" lon="-89.406676">
        <ele>263</ele>
      </trkpt>
      <trkpt lat="43.152983" lon="-89.406526">
        <ele>263</ele>
      </trkpt>
      <trkpt lat="43.15299" lon="-89.406382">
        <ele>263.26</ele>
      </trkpt>
      <trkpt lat="43.152978" lon="-89.406174">
        <ele>263.7</ele>
      </trkpt>
      <trkpt lat="43.152959" lon="-89.406042">
        <ele>263.57</ele>
      </trkpt>
      <trkpt lat="43.152886" lon="-89.405841">
        <ele>263.36</ele>
      </trkpt>
      <trkpt lat="43.152766" lon="-89.405607">
        <ele>263.11</ele>
      </trkpt>
      <trkpt lat="43.152487" lon="-89.405125">
        <ele>262.58</ele>
      </trkpt>
      <trkpt lat="43.152338" lon="-89.404914">
        <ele>262.34</ele>
      </trkpt>
      <trkpt lat="43.152167" lon="-89.404701">
        <ele>262.09</ele>
      </trkpt>
      <trkpt lat="43.151968" lon="-89.404486">
        <ele>261.84</ele>
      </trkpt>
      <trkpt lat="43.151834" lon="-89.404368">
        <ele>261.69</ele>
      </trkpt>
      <trkpt lat="43.15172" lon="-89.404295">
        <ele>261.57</ele>
      </trkpt>
      <trkpt lat="43.151496" lon="-89.404203">
        <ele>261.36</ele>
      </trkpt>
      <trkpt lat="43.151285" lon="-89.404181">
        <ele>261.17</ele>
      </trkpt>
      <trkpt lat="43.151225" lon="-89.404185">
        <ele>261.12</ele>
      </trkpt>
      <trkpt lat="43.151031" lon="-89.404235">
        <ele>260.92</ele>
      </trkpt>
      <trkpt lat="43.150522" lon="-89.404426">
        <ele>260.59</ele>
      </trkpt>
      <trkpt lat="43.150395" lon="-89.404444">
        <ele>260.59</ele>
      </trkpt>
      <trkpt lat="43.150277" lon="-89.404429">
        <ele>260.94</ele>
      </trkpt>
      <trkpt lat="43.15001" lon="-89.404367">
        <ele>261</ele>
      </trkpt>
      <trkpt lat="43.149693" lon="-89.404185">
        <ele>261</ele>
      </trkpt>
      <trkpt lat="43.14962" lon="-89.404131">
        <ele>261</ele>
      </trkpt>
      <trkpt lat="43.149444" lon="-89.403967">
        <ele>261</ele>
      </trkpt>
      <trkpt lat="43.148594" lon="-89.403084">
        <ele>260</ele>
      </trkpt>
      <trkpt lat="43.14828" lon="-89.402742">
        <ele>260</ele>
      </trkpt>
      <trkpt lat="43.147578" lon="-89.401952">
        <ele>262</ele>
      </trkpt>
      <trkpt lat="43.147304" lon="-89.401595">
        <ele>261.07</ele>
      </trkpt>
      <trkpt lat="43.14649" lon="-89.400501">
        <ele>260.51</ele>
      </trkpt>
      <trkpt lat="43.145823" lon="-89.399583">
        <ele>260</ele>
      </trkpt>
      <trkpt lat="43.144914" lon="-89.398218">
        <ele>261.53</ele>
      </trkpt>
      <trkpt lat="43.144569" lon="-89.397726">
        <ele>262.76</ele>
      </trkpt>
      <trkpt lat="43.144209" lon="-89.397197">
        <ele>265.95</ele>
      </trkpt>
      <trkpt lat="43.144035" lon="-89.39696">
        <ele>267.15</ele>
      </trkpt>
      <trkpt lat="43.143981" lon="-89.397062">
        <ele>267.49</ele>
      </trkpt>
      <trkpt lat="43.144033" lon="-89.397141">
        <ele>267.55</ele>
      </trkpt>
      <trkpt lat="43.144034" lon="-89.397161">
        <ele>267.57</ele>
      </trkpt>
      <trkpt lat="43.143757" lon="-89.397526">
        <ele>267.77</ele>
      </trkpt>
      <trkpt lat="43.143666" lon="-89.397631">
        <ele>267.61</ele>
      </trkpt>
      <trkpt lat="43.143458" lon="-89.397772">
        <ele>268</ele>
      </trkpt>
      <trkpt lat="43.143447" lon="-89.397812">
        <ele>268</ele>
      </trkpt>
      <trkpt lat="43.143458" lon="-89.398669">
        <ele>267</ele>
      </trkpt>
      <trkpt lat="43.143445" lon="-89.398818">
        <ele>266.49</ele>
      </trkpt>
      <trkpt lat="43.143427" lon="-89.398911">
        <ele>266.41</ele>
      </trkpt>
      <trkpt lat="43.143397" lon="-89.399011">
        <ele>266.65</ele>
      </trkpt>
      <trkpt lat="43.14332" lon="-89.399201">
        <ele>266.05</ele>
      </trkpt>
      <trkpt lat="43.142847" lon="-89.400333">
        <ele>264.51</ele>
      </trkpt>
      <trkpt lat="43.142873" lon="-89.400345">
        <ele>264.24</ele>
      </trkpt>
      <trkpt lat="43.142899" lon="-89.400343">
        <ele>264.04</ele>
      </trkpt>
      <trkpt lat="43.143036" lon="-89.400477">
        <ele>262.83</ele>
      </trkpt>
      <trkpt lat="43.143111" lon="-89.400595">
        <ele>262</ele>
      </trkpt>
      <trkpt lat="43.143165" lon="-89.400693">
        <ele>261.7</ele>
      </trkpt>
      <trkpt lat="43.143184" lon="-89.400762">
        <ele>261.35</ele>
      </trkpt>
      <trkpt lat="43.143184" lon="-89.400831">
        <ele>261.21</ele>
      </trkpt>
      <trkpt lat="43.143163" lon="-89.400906">
        <ele>261.08</ele>
      </trkpt>
      <trkpt lat="43.143091" lon="-89.401046">
        <ele>261.03</ele>
      </trkpt>
      <trkpt lat="43.143056" lon="-89.401169">
        <ele>260.76</ele>
      </trkpt>
      <trkpt lat="43.143027" lon="-89.401325">
        <ele>260.43</ele>
      </trkpt>
      <trkpt lat="43.142991" lon="-89.401448">
        <ele>260.01</ele>
      </trkpt>
      <trkpt lat="43.142935" lon="-89.401553">
        <ele>260.13</ele>
      </trkpt>
      <trkpt lat="43.142796" lon="-89.401702">
        <ele>260.43</ele>
      </trkpt>
      <trkpt lat="43.142665" lon="-89.401804">
        <ele>261.48</ele>
      </trkpt>
      <trkpt lat="43.142616" lon="-89.401865">
        <ele>261.87</ele>
      </trkpt>
      <trkpt lat="43.142575" lon="-89.401973">
        <ele>262.15</ele>
      </trkpt>
      <trkpt lat="43.142535" lon="-89.402202">
        <ele>261.51</ele>
      </trkpt>
      <trkpt lat="43.142535" lon="-89.402202">
        <ele>261.51</ele>
      </trkpt>
      <trkpt lat="43.142575" lon="-89.401973">
        <ele>262.15</ele>
      </trkpt>
      <trkpt lat="43.142616" lon="-89.401865">
        <ele>261.87</ele>
      </trkpt>
      <trkpt lat="43.142665" lon="-89.401804">
        <ele>261.48</ele>
      </trkpt>
      <trkpt lat="43.142796" lon="-89.401702">
        <ele>260.43</ele>
      </trkpt>
      <trkpt lat="43.142935" lon="-89.401553">
        <ele>260.13</ele>
      </trkpt>
      <trkpt lat="43.142991" lon="-89.401448">
        <ele>260.01</ele>
      </trkpt>
      <trkpt lat="43.143027" lon="-89.401325">
        <ele>260.43</ele>
      </trkpt>
      <trkpt lat="43.143056" lon="-89.401169">
        <ele>260.76</ele>
      </trkpt>
      <trkpt lat="43.143091" lon="-89.401046">
        <ele>261.03</ele>
      </trkpt>
      <trkpt lat="43.143163" lon="-89.400906">
        <ele>261.08</ele>
      </trkpt>
      <trkpt lat="43.143184" lon="-89.400831">
        <ele>261.21</ele>
      </trkpt>
      <trkpt lat="43.143184" lon="-89.400762">
        <ele>261.35</ele>
      </trkpt>
      <trkpt lat="43.143165" lon="-89.400693">
        <ele>261.7</ele>
      </trkpt>
      <trkpt lat="43.143111" lon="-89.400595">
        <ele>262</ele>
      </trkpt>
      <trkpt lat="43.143036" lon="-89.400477">
        <ele>262.83</ele>
      </trkpt>
      <trkpt lat="43.142899" lon="-89.400343">
        <ele>264.04</ele>
      </trkpt>
      <trkpt lat="43.142873" lon="-89.400345">
        <ele>264.24</ele>
      </trkpt>
      <trkpt lat="43.142847" lon="-89.400333">
        <ele>264.51</ele>
      </trkpt>
      <trkpt lat="43.142779" lon="-89.400289">
        <ele>264.89</ele>
      </trkpt>
      <trkpt lat="43.142694" lon="-89.400478">
        <ele>264.84</ele>
      </trkpt>
      <trkpt lat="43.142604" lon="-89.400585">
        <ele>264.97</ele>
      </trkpt>
      <trkpt lat="43.142416" lon="-89.400721">
        <ele>264.41</ele>
      </trkpt>
      <trkpt lat="43.142269" lon="-89.400757">
        <ele>264</ele>
      </trkpt>
      <trkpt lat="43.141816" lon="-89.400759">
        <ele>264</ele>
      </trkpt>
      <trkpt lat="43.141752" lon="-89.400744">
        <ele>264</ele>
      </trkpt>
      <trkpt lat="43.141574" lon="-89.400632">
        <ele>264</ele>
      </trkpt>
      <trkpt lat="43.141322" lon="-89.40036">
        <ele>264</ele>
      </trkpt>
      <trkpt lat="43.141162" lon="-89.400165">
        <ele>264.5</ele>
      </trkpt>
      <trkpt lat="43.141033" lon="-89.400031">
        <ele>264.61</ele>
      </trkpt>
      <trkpt lat="43.140936" lon="-89.399965">
        <ele>265.09</ele>
      </trkpt>
      <trkpt lat="43.140811" lon="-89.399918">
        <ele>265.35</ele>
      </trkpt>
      <trkpt lat="43.140571" lon="-89.399901">
        <ele>267.17</ele>
      </trkpt>
      <trkpt lat="43.13971" lon="-89.399925">
        <ele>273</ele>
      </trkpt>
      <trkpt lat="43.139709" lon="-89.397782">
        <ele>276.32</ele>
      </trkpt>
      <trkpt lat="43.139063" lon="-89.397796">
        <ele>276</ele>
      </trkpt>
      <trkpt lat="43.139068" lon="-89.397712">
        <ele>276</ele>
      </trkpt>
      <trkpt lat="43.13906" lon="-89.396443">
        <ele>277</ele>
      </trkpt>
      <trkpt lat="43.139018" lon="-89.394679">
        <ele>278.17</ele>
      </trkpt>
      <trkpt lat="43.13899" lon="-89.392866">
        <ele>279</ele>
      </trkpt>
      <trkpt lat="43.137756" lon="-89.392911">
        <ele>279</ele>
      </trkpt>
      <trkpt lat="43.136107" lon="-89.392975">
        <ele>283</ele>
      </trkpt>
      <trkpt lat="43.135786" lon="-89.392987">
        <ele>282</ele>
      </trkpt>
      <trkpt lat="43.135786" lon="-89.392904">
        <ele>282</ele>
      </trkpt>
      <trkpt lat="43.135861" lon="-89.392831">
        <ele>282</ele>
      </trkpt>
      <trkpt lat="43.135898" lon="-89.392779">
        <ele>282</ele>
      </trkpt>
      <trkpt lat="43.13591" lon="-89.392726">
        <ele>282</ele>
      </trkpt>
      <trkpt lat="43.135912" lon="-89.392665">
        <ele>281.98</ele>
      </trkpt>
      <trkpt lat="43.135904" lon="-89.392596">
        <ele>281.83</ele>
      </trkpt>
      <trkpt lat="43.135725" lon="-89.392042">
        <ele>279.07</ele>
      </trkpt>
      <trkpt lat="43.135625" lon="-89.391821">
        <ele>277.45</ele>
      </trkpt>
      <trkpt lat="43.135576" lon="-89.39169">
        <ele>277.03</ele>
      </trkpt>
      <trkpt lat="43.135509" lon="-89.391577">
        <ele>277</ele>
      </trkpt>
      <trkpt lat="43.135336" lon="-89.391659">
        <ele>276.12</ele>
      </trkpt>
      <trkpt lat="43.135155" lon="-89.391685">
        <ele>275.68</ele>
      </trkpt>
      <trkpt lat="43.134917" lon="-89.391686">
        <ele>274.83</ele>
      </trkpt>
      <trkpt lat="43.133873" lon="-89.391728">
        <ele>271.24</ele>
      </trkpt>
      <trkpt lat="43.13387" lon="-89.390996">
        <ele>271</ele>
      </trkpt>
      <trkpt lat="43.133866" lon="-89.389531">
        <ele>273.71</ele>
      </trkpt>
      <trkpt lat="43.133865" lon="-89.389452">
        <ele>273.25</ele>
      </trkpt>
      <trkpt lat="43.133857" lon="-89.387397">
        <ele>269</ele>
      </trkpt>
      <trkpt lat="43.133858" lon="-89.387227">
        <ele>268.55</ele>
      </trkpt>
      <trkpt lat="43.133853" lon="-89.386146">
        <ele>268</ele>
      </trkpt>
      <trkpt lat="43.133854" lon="-89.386075">
        <ele>268</ele>
      </trkpt>
      <trkpt lat="43.133867" lon="-89.386038">
        <ele>268</ele>
      </trkpt>
      <trkpt lat="43.133852" lon="-89.386006">
        <ele>268</ele>
      </trkpt>
      <trkpt lat="43.133851" lon="-89.385904">
        <ele>267.62</ele>
      </trkpt>
      <trkpt lat="43.133769" lon="-89.385905">
        <ele>267.4</ele>
      </trkpt>
      <trkpt lat="43.133768" lon="-89.385275">
        <ele>266.99</ele>
      </trkpt>
      <trkpt lat="43.133726" lon="-89.38528">
        <ele>266.99</ele>
      </trkpt>
      <trkpt lat="43.13369" lon="-89.385265">
        <ele>266.9</ele>
      </trkpt>
      <trkpt lat="43.133521" lon="-89.385153">
        <ele>266.25</ele>
      </trkpt>
      <trkpt lat="43.132345" lon="-89.383871">
        <ele>265</ele>
      </trkpt>
      <trkpt lat="43.130783" lon="-89.382188">
        <ele>266.85</ele>
      </trkpt>
      <trkpt lat="43.130685" lon="-89.38214">
        <ele>266.58</ele>
      </trkpt>
      <trkpt lat="43.130643" lon="-89.382129">
        <ele>266.84</ele>
      </trkpt>
      <trkpt lat="43.130414" lon="-89.382131">
        <ele>267</ele>
      </trkpt>
      <trkpt lat="43.130199" lon="-89.382109">
        <ele>266.2</ele>
      </trkpt>
      <trkpt lat="43.130231" lon="-89.381905">
        <ele>266.45</ele>
      </trkpt>
      <trkpt lat="43.130382" lon="-89.381551">
        <ele>266.76</ele>
      </trkpt>
      <trkpt lat="43.13044" lon="-89.381338">
        <ele>267.12</ele>
      </trkpt>
      <trkpt lat="43.130425" lon="-89.381168">
        <ele>267</ele>
      </trkpt>
      <trkpt lat="43.130407" lon="-89.381106">
        <ele>266.96</ele>
      </trkpt>
      <trkpt lat="43.130346" lon="-89.381001">
        <ele>266.44</ele>
      </trkpt>
      <trkpt lat="43.130269" lon="-89.380914">
        <ele>265.9</ele>
      </trkpt>
      <trkpt lat="43.12932" lon="-89.379932">
        <ele>260.04</ele>
      </trkpt>
      <trkpt lat="43.12851" lon="-89.379111">
        <ele>261</ele>
      </trkpt>
      <trkpt lat="43.127341" lon="-89.377849">
        <ele>260.84</ele>
      </trkpt>
      <trkpt lat="43.127341" lon="-89.377849">
        <ele>260.84</ele>
      </trkpt>
      <trkpt lat="43.12633" lon="-89.376764">
        <ele>261</ele>
      </trkpt>
      <trkpt lat="43.125971" lon="-89.376362">
        <ele>260.93</ele>
      </trkpt>
      <trkpt lat="43.125626" lon="-89.376001">
        <ele>261</ele>
      </trkpt>
      <trkpt lat="43.124725" lon="-89.37502">
        <ele>261</ele>
      </trkpt>
      <trkpt lat="43.124773" lon="-89.374942">
        <ele>261</ele>
      </trkpt>
      <trkpt lat="43.1248" lon="-89.374893">
        <ele>261.11</ele>
      </trkpt>
      <trkpt lat="43.12482" lon="-89.374836">
        <ele>261.09</ele>
      </trkpt>
      <trkpt lat="43.124938" lon="-89.374637">
        <ele>261.1</ele>
      </trkpt>
      <trkpt lat="43.125039" lon="-89.374445">
        <ele>260.09</ele>
      </trkpt>
      <trkpt lat="43.125065" lon="-89.374371">
        <ele>260.61</ele>
      </trkpt>
      <trkpt lat="43.125084" lon="-89.374287">
        <ele>260.96</ele>
      </trkpt>
      <trkpt lat="43.125022" lon="-89.37425">
        <ele>261.18</ele>
      </trkpt>
      <trkpt lat="43.125046" lon="-89.37412">
        <ele>261.76</ele>
      </trkpt>
      <trkpt lat="43.125037" lon="-89.373968">
        <ele>261.98</ele>
      </trkpt>
      <trkpt lat="43.12501" lon="-89.373819">
        <ele>262.83</ele>
      </trkpt>
      <trkpt lat="43.124959" lon="-89.373687">
        <ele>263.73</ele>
      </trkpt>
      <trkpt lat="43.124879" lon="-89.373563">
        <ele>264.47</ele>
      </trkpt>
      <trkpt lat="43.124408" lon="-89.373057">
        <ele>269.01</ele>
      </trkpt>
      <trkpt lat="43.124202" lon="-89.3728">
        <ele>270.82</ele>
      </trkpt>
      <trkpt lat="43.124121" lon="-89.372661">
        <ele>271.22</ele>
      </trkpt>
      <trkpt lat="43.123988" lon="-89.372298">
        <ele>272</ele>
      </trkpt>
      <trkpt lat="43.123937" lon="-89.372247">
        <ele>272</ele>
      </trkpt>
      <trkpt lat="43.123737" lon="-89.372271">
        <ele>272</ele>
      </trkpt>
      <trkpt lat="43.123675" lon="-89.372268">
        <ele>272</ele>
      </trkpt>
      <trkpt lat="43.123612" lon="-89.372229">
        <ele>272</ele>
      </trkpt>
      <trkpt lat="43.123335" lon="-89.371931">
        <ele>272.32</ele>
      </trkpt>
      <trkpt lat="43.122942" lon="-89.371478">
        <ele>272</ele>
      </trkpt>
      <trkpt lat="43.122113" lon="-89.370558">
        <ele>273</ele>
      </trkpt>
      <trkpt lat="43.121894" lon="-89.370344">
        <ele>273</ele>
      </trkpt>
      <trkpt lat="43.121547" lon="-89.370048">
        <ele>274</ele>
      </trkpt>
      <trkpt lat="43.121157" lon="-89.369797">
        <ele>274.03</ele>
      </trkpt>
      <trkpt lat="43.121018" lon="-89.369698">
        <ele>274.97</ele>
      </trkpt>
      <trkpt lat="43.119891" lon="-89.368988">
        <ele>272</ele>
      </trkpt>
      <trkpt lat="43.119822" lon="-89.368932">
        <ele>272</ele>
      </trkpt>
      <trkpt lat="43.119792" lon="-89.368892">
        <ele>272</ele>
      </trkpt>
      <trkpt lat="43.119668" lon="-89.368599">
        <ele>272</ele>
      </trkpt>
      <trkpt lat="43.119618" lon="-89.368537">
        <ele>272</ele>
      </trkpt>
      <trkpt lat="43.11953" lon="-89.368463">
        <ele>272</ele>
      </trkpt>
      <trkpt lat="43.11946" lon="-89.368447">
        <ele>272</ele>
      </trkpt>
      <trkpt lat="43.119358" lon="-89.368444">
        <ele>272</ele>
      </trkpt>
      <trkpt lat="43.119069" lon="-89.368527">
        <ele>271.68</ele>
      </trkpt>
      <trkpt lat="43.118915" lon="-89.368485">
        <ele>272</ele>
      </trkpt>
      <trkpt lat="43.118728" lon="-89.368392">
        <ele>272.86</ele>
      </trkpt>
      <trkpt lat="43.117735" lon="-89.367794">
        <ele>269.91</ele>
      </trkpt>
      <trkpt lat="43.116779" lon="-89.367207">
        <ele>266</ele>
      </trkpt>
      <trkpt lat="43.116409" lon="-89.366979">
        <ele>265.15</ele>
      </trkpt>
      <trkpt lat="43.115798" lon="-89.366584">
        <ele>264.63</ele>
      </trkpt>
      <trkpt lat="43.115774" lon="-89.366556">
        <ele>264.38</ele>
      </trkpt>
      <trkpt lat="43.115741" lon="-89.36648">
        <ele>264.03</ele>
      </trkpt>
      <trkpt lat="43.115732" lon="-89.366099">
        <ele>264.51</ele>
      </trkpt>
      <trkpt lat="43.115319" lon="-89.366095">
        <ele>264.55</ele>
      </trkpt>
      <trkpt lat="43.115191" lon="-89.366075">
        <ele>264.78</ele>
      </trkpt>
      <trkpt lat="43.115123" lon="-89.366025">
        <ele>264.99</ele>
      </trkpt>
      <trkpt lat="43.115111" lon="-89.365992">
        <ele>265</ele>
      </trkpt>
      <trkpt lat="43.115105" lon="-89.365929">
        <ele>264.98</ele>
      </trkpt>
      <trkpt lat="43.115108" lon="-89.364587">
        <ele>266.99</ele>
      </trkpt>
      <trkpt lat="43.11511" lon="-89.363896">
        <ele>266</ele>
      </trkpt>
      <trkpt lat="43.115049" lon="-89.363895">
        <ele>265.84</ele>
      </trkpt>
      <trkpt lat="43.115032" lon="-89.363918">
        <ele>265.87</ele>
      </trkpt>
      <trkpt lat="43.114995" lon="-89.363895">
        <ele>265.69</ele>
      </trkpt>
      <trkpt lat="43.114331" lon="-89.363905">
        <ele>265</ele>
      </trkpt>
      <trkpt lat="43.11417" lon="-89.363909">
        <ele>265</ele>
      </trkpt>
      <trkpt lat="43.112658" lon="-89.363921">
        <ele>263.9</ele>
      </trkpt>
      <trkpt lat="43.111418" lon="-89.363921">
        <ele>261</ele>
      </trkpt>
      <trkpt lat="43.109936" lon="-89.363933">
        <ele>262</ele>
      </trkpt>
      <trkpt lat="43.109593" lon="-89.363956">
        <ele>261.99</ele>
      </trkpt>
      <trkpt lat="43.10942" lon="-89.363956">
        <ele>261.99</ele>
      </trkpt>
      <trkpt lat="43.107738" lon="-89.36399">
        <ele>260.29</ele>
      </trkpt>
      <trkpt lat="43.107604" lon="-89.363993">
        <ele>260</ele>
      </trkpt>
      <trkpt lat="43.10758" lon="-89.364013">
        <ele>260</ele>
      </trkpt>
      <trkpt lat="43.10756" lon="-89.363997">
        <ele>260</ele>
      </trkpt>
      <trkpt lat="43.107502" lon="-89.363997">
        <ele>260</ele>
      </trkpt>
      <trkpt lat="43.104541" lon="-89.364053">
        <ele>261</ele>
      </trkpt>
      <trkpt lat="43.104271" lon="-89.364054">
        <ele>261</ele>
      </trkpt>
      <trkpt lat="43.103087" lon="-89.364086">
        <ele>261</ele>
      </trkpt>
      <trkpt lat="43.103047" lon="-89.364107">
        <ele>261</ele>
      </trkpt>
      <trkpt lat="43.103023" lon="-89.364147">
        <ele>261</ele>
      </trkpt>
      <trkpt lat="43.102973" lon="-89.364305">
        <ele>261</ele>
      </trkpt>
      <trkpt lat="43.102923" lon="-89.364364">
        <ele>261</ele>
      </trkpt>
      <trkpt lat="43.102793" lon="-89.364454">
        <ele>261</ele>
      </trkpt>
      <trkpt lat="43.102669" lon="-89.364537">
        <ele>261</ele>
      </trkpt>
      <trkpt lat="43.102264" lon="-89.364838">
        <ele>261</ele>
      </trkpt>
      <trkpt lat="43.101951" lon="-89.36505">
        <ele>261.79</ele>
      </trkpt>
      <trkpt lat="43.101571" lon="-89.365266">
        <ele>262</ele>
      </trkpt>
      <trkpt lat="43.101477" lon="-89.365325">
        <ele>262</ele>
      </trkpt>
      <trkpt lat="43.100666" lon="-89.365866">
        <ele>263</ele>
      </trkpt>
      <trkpt lat="43.10055" lon="-89.365944">
        <ele>263</ele>
      </trkpt>
      <trkpt lat="43.098958" lon="-89.367021">
        <ele>266.21</ele>
      </trkpt>
      <trkpt lat="43.09815" lon="-89.367568">
        <ele>262.96</ele>
      </trkpt>
      <trkpt lat="43.097957" lon="-89.367712">
        <ele>262.34</ele>
      </trkpt>
      <trkpt lat="43.09787" lon="-89.367766">
        <ele>261.76</ele>
      </trkpt>
      <trkpt lat="43.097125" lon="-89.368273">
        <ele>261</ele>
      </trkpt>
      <trkpt lat="43.096878" lon="-89.368405">
        <ele>261</ele>
      </trkpt>
      <trkpt lat="43.095619" lon="-89.369009">
        <ele>264</ele>
      </trkpt>
      <trkpt lat="43.095546" lon="-89.369051">
        <ele>264</ele>
      </trkpt>
      <trkpt lat="43.095423" lon="-89.369148">
        <ele>263.19</ele>
      </trkpt>
      <trkpt lat="43.095156" lon="-89.369474">
        <ele>262.09</ele>
      </trkpt>
      <trkpt lat="43.095019" lon="-89.369613">
        <ele>261.96</ele>
      </trkpt>
      <trkpt lat="43.094837" lon="-89.369774">
        <ele>261.39</ele>
      </trkpt>
      <trkpt lat="43.094625" lon="-89.370017">
        <ele>260.24</ele>
      </trkpt>
      <trkpt lat="43.094443" lon="-89.370237">
        <ele>260.47</ele>
      </trkpt>
      <trkpt lat="43.094375" lon="-89.370352">
        <ele>260</ele>
      </trkpt>
      <trkpt lat="43.094301" lon="-89.370456">
        <ele>260</ele>
      </trkpt>
      <trkpt lat="43.093949" lon="-89.37083">
        <ele>259.49</ele>
      </trkpt>
      <trkpt lat="43.093249" lon="-89.37163">
        <ele>259.58</ele>
      </trkpt>
      <trkpt lat="43.093127" lon="-89.371816">
        <ele>259</ele>
      </trkpt>
      <trkpt lat="43.092964" lon="-89.372002">
        <ele>259.52</ele>
      </trkpt>
      <trkpt lat="43.092728" lon="-89.372224">
        <ele>259.79</ele>
      </trkpt>
      <trkpt lat="43.092073" lon="-89.372949">
        <ele>260</ele>
      </trkpt>
      <trkpt lat="43.090956" lon="-89.374225">
        <ele>260.48</ele>
      </trkpt>
      <trkpt lat="43.087612" lon="-89.375517">
        <ele>260.23</ele>
      </trkpt>
      <trkpt lat="43.086859" lon="-89.375815">
        <ele>263.95</ele>
      </trkpt>
      <trkpt lat="43.086753" lon="-89.375855">
        <ele>264.15</ele>
      </trkpt>
      <trkpt lat="43.086645" lon="-89.375777">
        <ele>264</ele>
      </trkpt>
      <trkpt lat="43.086563" lon="-89.375696">
        <ele>264.31</ele>
      </trkpt>
      <trkpt lat="43.0865" lon="-89.375648">
        <ele>264.81</ele>
      </trkpt>
      <trkpt lat="43.086449" lon="-89.375629">
        <ele>265</ele>
      </trkpt>
      <trkpt lat="43.086324" lon="-89.375632">
        <ele>265.02</ele>
      </trkpt>
      <trkpt lat="43.086243" lon="-89.375653">
        <ele>265</ele>
      </trkpt>
      <trkpt lat="43.08613" lon="-89.375763">
        <ele>265.26</ele>
      </trkpt>
      <trkpt lat="43.08574" lon="-89.376312">
        <ele>264</ele>
      </trkpt>
      <trkpt lat="43.085674" lon="-89.376405">
        <ele>263.85</ele>
      </trkpt>
      <trkpt lat="43.085219" lon="-89.377053">
        <ele>260.99</ele>
      </trkpt>
      <trkpt lat="43.08511" lon="-89.377208">
        <ele>260.18</ele>
      </trkpt>
      <trkpt lat="43.084997" lon="-89.377061">
        <ele>260</ele>
      </trkpt>
      <trkpt lat="43.084236" lon="-89.378148">
        <ele>260.09</ele>
      </trkpt>
      <trkpt lat="43.083746" lon="-89.378855">
        <ele>262.64</ele>
      </trkpt>
      <trkpt lat="43.083174" lon="-89.379669">
        <ele>268</ele>
      </trkpt>
      <trkpt lat="43.082602" lon="-89.380482">
        <ele>269</ele>
      </trkpt>
      <trkpt lat="43.082581" lon="-89.380501">
        <ele>268.98</ele>
      </trkpt>
      <trkpt lat="43.082515" lon="-89.380608">
        <ele>268.38</ele>
      </trkpt>
      <trkpt lat="43.081724" lon="-89.381722">
        <ele>267</ele>
      </trkpt>
      <trkpt lat="43.081254" lon="-89.382393">
        <ele>263.43</ele>
      </trkpt>
      <trkpt lat="43.080657" lon="-89.383238">
        <ele>261</ele>
      </trkpt>
      <trkpt lat="43.080185" lon="-89.383911">
        <ele>261</ele>
      </trkpt>
      <trkpt lat="43.080161" lon="-89.383956">
        <ele>261</ele>
      </trkpt>
      <trkpt lat="43.080035" lon="-89.384137">
        <ele>261</ele>
      </trkpt>
      <trkpt lat="43.079128" lon="-89.384169">
        <ele>262</ele>
      </trkpt>
      <trkpt lat="43.078993" lon="-89.384196">
        <ele>262</ele>
      </trkpt>
      <trkpt lat="43.078934" lon="-89.384219">
        <ele>262.03</ele>
      </trkpt>
      <trkpt lat="43.078908" lon="-89.384203">
        <ele>262.18</ele>
      </trkpt>
      <trkpt lat="43.078741" lon="-89.384179">
        <ele>262.83</ele>
      </trkpt>
      <trkpt lat="43.0783" lon="-89.384179">
        <ele>264.09</ele>
      </trkpt>
      <trkpt lat="43.077679" lon="-89.384208">
        <ele>267.03</ele>
      </trkpt>
      <trkpt lat="43.077461" lon="-89.384213">
        <ele>268</ele>
      </trkpt>
      <trkpt lat="43.077437" lon="-89.384213">
        <ele>268</ele>
      </trkpt>
      <trkpt lat="43.077438" lon="-89.384224">
        <ele>268</ele>
      </trkpt>
      <trkpt lat="43.077225" lon="-89.38453">
        <ele>270.25</ele>
      </trkpt>
      <trkpt lat="43.076965" lon="-89.3849">
        <ele>270.71</ele>
      </trkpt>
      <trkpt lat="43.076925" lon="-89.384963">
        <ele>271</ele>
      </trkpt>
      <trkpt lat="43.076505" lon="-89.385559">
        <ele>271.37</ele>
      </trkpt>
      <trkpt lat="43.076252" lon="-89.385918">
        <ele>272</ele>
      </trkpt>
      <trkpt lat="43.075683" lon="-89.385199">
        <ele>275.48</ele>
      </trkpt>
      <trkpt lat="43.075612" lon="-89.385131">
        <ele>275.88</ele>
      </trkpt>
      <trkpt lat="43.075456" lon="-89.385049">
        <ele>276.26</ele>
      </trkpt>
      <trkpt lat="43.07538" lon="-89.38516">
        <ele>276</ele>
      </trkpt>
      <trkpt lat="43.074794" lon="-89.385981">
        <ele>273.93</ele>
      </trkpt>
      <trkpt lat="43.074761" lon="-89.38603">
        <ele>273.65</ele>
      </trkpt>
      <trkpt lat="43.074731" lon="-89.386074">
        <ele>273.39</ele>
      </trkpt>
      <trkpt lat="43.074772" lon="-89.386124">
        <ele>273.1</ele>
      </trkpt>
      <trkpt lat="43.074819" lon="-89.386194">
        <ele>273</ele>
      </trkpt>
      <trkpt lat="43.074792" lon="-89.386304">
        <ele>273</ele>
      </trkpt>
      <trkpt lat="43.074734" lon="-89.38646">
        <ele>272.15</ele>
      </trkpt>
      <trkpt lat="43.074699" lon="-89.386461">
        <ele>272.14</ele>
      </trkpt>
      <trkpt lat="43.074692" lon="-89.386461">
        <ele>272.14</ele>
      </trkpt>
      <trkpt lat="43.074695" lon="-89.386656">
        <ele>271.22</ele>
      </trkpt>
      <trkpt lat="43.074672" lon="-89.386703">
        <ele>271.03</ele>
      </trkpt>
      <trkpt lat="43.074684" lon="-89.387886">
        <ele>269</ele>
      </trkpt>
      <trkpt lat="43.074684" lon="-89.387941">
        <ele>269</ele>
      </trkpt>
      <trkpt lat="43.074685" lon="-89.388125">
        <ele>269</ele>
      </trkpt>
      <trkpt lat="43.074686" lon="-89.388217">
        <ele>268.94</ele>
      </trkpt>
      <trkpt lat="43.074687" lon="-89.388254">
        <ele>268.72</ele>
      </trkpt>
      <trkpt lat="43.074709" lon="-89.389658">
        <ele>266</ele>
      </trkpt>
      <trkpt lat="43.07471" lon="-89.389749">
        <ele>266</ele>
      </trkpt>
      <trkpt lat="43.074684" lon="-89.389894">
        <ele>266</ele>
      </trkpt>
      <trkpt lat="43.074691" lon="-89.389937">
        <ele>266</ele>
      </trkpt>
      <trkpt lat="43.074681" lon="-89.389979">
        <ele>266</ele>
      </trkpt>
      <trkpt lat="43.074719" lon="-89.390172">
        <ele>266</ele>
      </trkpt>
      <trkpt lat="43.074725" lon="-89.390249">
        <ele>266</ele>
      </trkpt>
      <trkpt lat="43.074742" lon="-89.391622">
        <ele>267</ele>
      </trkpt>
      <trkpt lat="43.074747" lon="-89.391704">
        <ele>267</ele>
      </trkpt>
      <trkpt lat="43.074747" lon="-89.391782">
        <ele>267</ele>
      </trkpt>
      <trkpt lat="43.07477" lon="-89.393189">
        <ele>266</ele>
      </trkpt>
      <trkpt lat="43.074725" lon="-89.393423">
        <ele>266</ele>
      </trkpt>
      <trkpt lat="43.074731" lon="-89.393465">
        <ele>266</ele>
      </trkpt>
      <trkpt lat="43.074706" lon="-89.393484">
        <ele>266</ele>
      </trkpt>
      <trkpt lat="43.074291" lon="-89.394095">
        <ele>263</ele>
      </trkpt>
      <trkpt lat="43.073317" lon="-89.39547">
        <ele>262.24</ele>
      </trkpt>
      <trkpt lat="43.073319" lon="-89.395598">
        <ele>262.98</ele>
      </trkpt>
      <trkpt lat="43.07332" lon="-89.395906">
        <ele>263</ele>
      </trkpt>
      <trkpt lat="43.073336" lon="-89.396607">
        <ele>262.94</ele>
      </trkpt>
      <trkpt lat="43.073346" lon="-89.397338">
        <ele>263.56</ele>
      </trkpt>
      <trkpt lat="43.073346" lon="-89.397573">
        <ele>264</ele>
      </trkpt>
      <trkpt lat="43.073353" lon="-89.397598">
        <ele>264</ele>
      </trkpt>
      <trkpt lat="43.073391" lon="-89.399644">
        <ele>265</ele>
      </trkpt>
      <trkpt lat="43.073405" lon="-89.400443">
        <ele>265</ele>
      </trkpt>
      <trkpt lat="43.073392" lon="-89.400465">
        <ele>265</ele>
      </trkpt>
      <trkpt lat="43.073393" lon="-89.400779">
        <ele>265.87</ele>
      </trkpt>
      <trkpt lat="43.073399" lon="-89.400793">
        <ele>265.92</ele>
      </trkpt>
      <trkpt lat="43.073389" lon="-89.400826">
        <ele>265.89</ele>
      </trkpt>
      <trkpt lat="43.073392" lon="-89.40116">
        <ele>266.27</ele>
      </trkpt>
      <trkpt lat="43.073404" lon="-89.40185">
        <ele>267.62</ele>
      </trkpt>
      <trkpt lat="43.073416" lon="-89.402312">
        <ele>270.08</ele>
      </trkpt>
      <trkpt lat="43.07344" lon="-89.403984">
        <ele>272.29</ele>
      </trkpt>
      <trkpt lat="43.073452" lon="-89.405196">
        <ele>271.26</ele>
      </trkpt>
      <trkpt lat="43.073457" lon="-89.405976">
        <ele>268.25</ele>
      </trkpt>
      <trkpt lat="43.073467" lon="-89.406037">
        <ele>268.15</ele>
      </trkpt>
      <trkpt lat="43.073471" lon="-89.406291">
        <ele>267.85</ele>
      </trkpt>
      <trkpt lat="43.07348" lon="-89.407907">
        <ele>267</ele>
      </trkpt>
      <trkpt lat="43.073475" lon="-89.408486">
        <ele>267</ele>
      </trkpt>
      <trkpt lat="43.073487" lon="-89.408838">
        <ele>267.58</ele>
      </trkpt>
      <trkpt lat="43.073482" lon="-89.409201">
        <ele>267.57</ele>
      </trkpt>
      <trkpt lat="43.073493" lon="-89.410052">
        <ele>267.65</ele>
      </trkpt>
      <trkpt lat="43.073504" lon="-89.410218">
        <ele>267.74</ele>
      </trkpt>
      <trkpt lat="43.073547" lon="-89.411012">
        <ele>268.03</ele>
      </trkpt>
      <trkpt lat="43.07357" lon="-89.41113">
        <ele>267.79</ele>
      </trkpt>
      <trkpt lat="43.073796" lon="-89.411786">
        <ele>268.07</ele>
      </trkpt>
      <trkpt lat="43.074035" lon="-89.412554">
        <ele>267.42</ele>
      </trkpt>
      <trkpt lat="43.074073" lon="-89.412603">
        <ele>267.15</ele>
      </trkpt>
      <trkpt lat="43.074147" lon="-89.412653">
        <ele>267</ele>
      </trkpt>
      <trkpt lat="43.07445" lon="-89.412654">
        <ele>266</ele>
      </trkpt>
      <trkpt lat="43.074449" lon="-89.412748">
        <ele>266</ele>
      </trkpt>
      <trkpt lat="43.074494" lon="-89.412749">
        <ele>266</ele>
      </trkpt>
      <trkpt lat="43.074493" lon="-89.413404">
        <ele>266.2</ele>
      </trkpt>
      <trkpt lat="43.074466" lon="-89.413568">
        <ele>266.6</ele>
      </trkpt>
      <trkpt lat="43.074448" lon="-89.413634">
        <ele>266.74</ele>
      </trkpt>
      <trkpt lat="43.07443" lon="-89.413845">
        <ele>267</ele>
      </trkpt>
      <trkpt lat="43.074538" lon="-89.414626">
        <ele>266.03</ele>
      </trkpt>
      <trkpt lat="43.074546" lon="-89.414804">
        <ele>266</ele>
      </trkpt>
      <trkpt lat="43.074553" lon="-89.415699">
        <ele>266</ele>
      </trkpt>
      <trkpt lat="43.074598" lon="-89.415764">
        <ele>266.35</ele>
      </trkpt>
      <trkpt lat="43.074633" lon="-89.415778">
        <ele>266.4</ele>
      </trkpt>
      <trkpt lat="43.07488" lon="-89.415778">
        <ele>265.31</ele>
      </trkpt>
      <trkpt lat="43.074942" lon="-89.415825">
        <ele>265</ele>
      </trkpt>
      <trkpt lat="43.074661" lon="-89.415874">
        <ele>266.26</ele>
      </trkpt>
      <trkpt lat="43.074942" lon="-89.415825">
        <ele>265</ele>
      </trkpt>
      <trkpt lat="43.07488" lon="-89.415778">
        <ele>265.31</ele>
      </trkpt>
      <trkpt lat="43.074633" lon="-89.415778">
        <ele>266.4</ele>
      </trkpt>
      <trkpt lat="43.074598" lon="-89.415764">
        <ele>266.35</ele>
      </trkpt>
      <trkpt lat="43.074553" lon="-89.415699">
        <ele>266</ele>
      </trkpt>
      <trkpt lat="43.074546" lon="-89.414804">
        <ele>266</ele>
      </trkpt>
      <trkpt lat="43.074538" lon="-89.414626">
        <ele>266.03</ele>
      </trkpt>
      <trkpt lat="43.07443" lon="-89.413845">
        <ele>267</ele>
      </trkpt>
      <trkpt lat="43.074448" lon="-89.413634">
        <ele>266.74</ele>
      </trkpt>
      <trkpt lat="43.074466" lon="-89.413568">
        <ele>266.6</ele>
      </trkpt>
      <trkpt lat="43.074493" lon="-89.413404">
        <ele>266.2</ele>
      </trkpt>
      <trkpt lat="43.074494" lon="-89.412749">
        <ele>266</ele>
      </trkpt>
      <trkpt lat="43.074449" lon="-89.412748">
        <ele>266</ele>
      </trkpt>
      <trkpt lat="43.07445" lon="-89.412654">
        <ele>266</ele>
      </trkpt>
      <trkpt lat="43.074147" lon="-89.412653">
        <ele>267</ele>
      </trkpt>
      <trkpt lat="43.074073" lon="-89.412603">
        <ele>267.15</ele>
      </trkpt>
      <trkpt lat="43.074035" lon="-89.412554">
        <ele>267.42</ele>
      </trkpt>
      <trkpt lat="43.073796" lon="-89.411786">
        <ele>268.07</ele>
      </trkpt>
      <trkpt lat="43.07357" lon="-89.41113">
        <ele>267.79</ele>
      </trkpt>
      <trkpt lat="43.073547" lon="-89.411012">
        <ele>268.03</ele>
      </trkpt>
      <trkpt lat="43.073227" lon="-89.411021">
        <ele>267</ele>
      </trkpt>
      <trkpt lat="43.073224" lon="-89.410853">
        <ele>267</ele>
      </trkpt>
      <trkpt lat="43.073212" lon="-89.410644">
        <ele>267</ele>
      </trkpt>
      <trkpt lat="43.073188" lon="-89.410498">
        <ele>267</ele>
      </trkpt>
      <trkpt lat="43.073093" lon="-89.41017">
        <ele>267.14</ele>
      </trkpt>
      <trkpt lat="43.072665" lon="-89.4089">
        <ele>267</ele>
      </trkpt>
      <trkpt lat="43.072662" lon="-89.408846">
        <ele>267</ele>
      </trkpt>
      <trkpt lat="43.072615" lon="-89.408662">
        <ele>266.98</ele>
      </trkpt>
      <trkpt lat="43.072569" lon="-89.408617">
        <ele>266.77</ele>
      </trkpt>
      <trkpt lat="43.072249" lon="-89.407671">
        <ele>266</ele>
      </trkpt>
      <trkpt lat="43.072161" lon="-89.407263">
        <ele>266</ele>
      </trkpt>
      <trkpt lat="43.07211" lon="-89.406896">
        <ele>266</ele>
      </trkpt>
      <trkpt lat="43.072095" lon="-89.405962">
        <ele>267.77</ele>
      </trkpt>
      <trkpt lat="43.072083" lon="-89.405879">
        <ele>268</ele>
      </trkpt>
      <trkpt lat="43.072068" lon="-89.40585">
        <ele>268</ele>
      </trkpt>
      <trkpt lat="43.072062" lon="-89.40471">
        <ele>266.96</ele>
      </trkpt>
      <trkpt lat="43.071963" lon="-89.404579">
        <ele>266.19</ele>
      </trkpt>
      <trkpt lat="43.071815" lon="-89.404357">
        <ele>265.91</ele>
      </trkpt>
      <trkpt lat="43.071754" lon="-89.404274">
        <ele>265.32</ele>
      </trkpt>
      <trkpt lat="43.071692" lon="-89.404191">
        <ele>264.3</ele>
      </trkpt>
      <trkpt lat="43.071263" lon="-89.404202">
        <ele>263.1</ele>
      </trkpt>
      <trkpt lat="43.071096" lon="-89.404202">
        <ele>264</ele>
      </trkpt>
      <trkpt lat="43.071092" lon="-89.403984">
        <ele>263.86</ele>
      </trkpt>
      <trkpt lat="43.071058" lon="-89.403977">
        <ele>263.92</ele>
      </trkpt>
      <trkpt lat="43.070964" lon="-89.403977">
        <ele>264</ele>
      </trkpt>
      <trkpt lat="43.070728" lon="-89.403976">
        <ele>264</ele>
      </trkpt>
      <trkpt lat="43.070627" lon="-89.403853">
        <ele>263.84</ele>
      </trkpt>
      <trkpt lat="43.070596" lon="-89.403853">
        <ele>263.6</ele>
      </trkpt>
      <trkpt lat="43.070588" lon="-89.403806">
        <ele>263.53</ele>
      </trkpt>
      <trkpt lat="43.070488" lon="-89.403806">
        <ele>263</ele>
      </trkpt>
      <trkpt lat="43.070259" lon="-89.403129">
        <ele>263</ele>
      </trkpt>
      <trkpt lat="43.070279" lon="-89.403022">
        <ele>263</ele>
      </trkpt>
      <trkpt lat="43.070245" lon="-89.402964">
        <ele>263</ele>
      </trkpt>
      <trkpt lat="43.070166" lon="-89.40287">
        <ele>263</ele>
      </trkpt>
      <trkpt lat="43.070178" lon="-89.402557">
        <ele>263.09</ele>
      </trkpt>
      <trkpt lat="43.070166" lon="-89.402312">
        <ele>263.16</ele>
      </trkpt>
      <trkpt lat="43.070146" lon="-89.402142">
        <ele>263.21</ele>
      </trkpt>
      <trkpt lat="43.070089" lon="-89.401822">
        <ele>263.31</ele>
      </trkpt>
      <trkpt lat="43.069966" lon="-89.401445">
        <ele>263.42</ele>
      </trkpt>
      <trkpt lat="43.069883" lon="-89.401124">
        <ele>263.52</ele>
      </trkpt>
      <trkpt lat="43.069628" lon="-89.400368">
        <ele>263.74</ele>
      </trkpt>
      <trkpt lat="43.069594" lon="-89.400375">
        <ele>263.04</ele>
      </trkpt>
      <trkpt lat="43.069559" lon="-89.400348">
        <ele>262.55</ele>
      </trkpt>
      <trkpt lat="43.069311" lon="-89.399626">
        <ele>262.36</ele>
      </trkpt>
      <trkpt lat="43.069138" lon="-89.399198">
        <ele>261.08</ele>
      </trkpt>
      <trkpt lat="43.068544" lon="-89.399215">
        <ele>259.27</ele>
      </trkpt>
      <trkpt lat="43.06854" lon="-89.399163">
        <ele>259.46</ele>
      </trkpt>
      <trkpt lat="43.068523" lon="-89.399127">
        <ele>259.55</ele>
      </trkpt>
      <trkpt lat="43.0685" lon="-89.399103">
        <ele>259.64</ele>
      </trkpt>
      <trkpt lat="43.067835" lon="-89.399123">
        <ele>259</ele>
      </trkpt>
      <trkpt lat="43.067787" lon="-89.399115">
        <ele>259</ele>
      </trkpt>
      <trkpt lat="43.067766" lon="-89.399095">
        <ele>259</ele>
      </trkpt>
      <trkpt lat="43.067742" lon="-89.399042">
        <ele>259</ele>
      </trkpt>
      <trkpt lat="43.067634" lon="-89.399035">
        <ele>259</ele>
      </trkpt>
      <trkpt lat="43.067554" lon="-89.399045">
        <ele>259.61</ele>
      </trkpt>
      <trkpt lat="43.067541" lon="-89.398617">
        <ele>259.72</ele>
      </trkpt>
      <trkpt lat="43.066605" lon="-89.398617">
        <ele>260</ele>
      </trkpt>
      <trkpt lat="43.066604" lon="-89.398368">
        <ele>260</ele>
      </trkpt>
      <trkpt lat="43.066547" lon="-89.398368">
        <ele>260</ele>
      </trkpt>
      <trkpt lat="43.066546" lon="-89.398083">
        <ele>260</ele>
      </trkpt>
      <trkpt lat="43.066232" lon="-89.398071">
        <ele>260</ele>
      </trkpt>
      <trkpt lat="43.066164" lon="-89.398041">
        <ele>260</ele>
      </trkpt>
      <trkpt lat="43.06577" lon="-89.398038">
        <ele>260</ele>
      </trkpt>
      <trkpt lat="43.065642" lon="-89.397999">
        <ele>260</ele>
      </trkpt>
      <trkpt lat="43.065563" lon="-89.397943">
        <ele>260</ele>
      </trkpt>
      <trkpt lat="43.065508" lon="-89.39789">
        <ele>260</ele>
      </trkpt>
      <trkpt lat="43.065392" lon="-89.397749">
        <ele>259.48</ele>
      </trkpt>
      <trkpt lat="43.065121" lon="-89.398144">
        <ele>259.02</ele>
      </trkpt>
      <trkpt lat="43.06509" lon="-89.398099">
        <ele>259</ele>
      </trkpt>
      <trkpt lat="43.065017" lon="-89.39799">
        <ele>259</ele>
      </trkpt>
      <trkpt lat="43.064984" lon="-89.397941">
        <ele>259</ele>
      </trkpt>
      <trkpt lat="43.064888" lon="-89.397793">
        <ele>259</ele>
      </trkpt>
      <trkpt lat="43.064878" lon="-89.397751">
        <ele>259</ele>
      </trkpt>
      <trkpt lat="43.064769" lon="-89.397308">
        <ele>259.78</ele>
      </trkpt>
      <trkpt lat="43.064725" lon="-89.397179">
        <ele>260</ele>
      </trkpt>
      <trkpt lat="43.06434" lon="-89.396603">
        <ele>259</ele>
      </trkpt>
      <trkpt lat="43.064252" lon="-89.39674">
        <ele>259</ele>
      </trkpt>
      <trkpt lat="43.06411" lon="-89.396938">
        <ele>258.02</ele>
      </trkpt>
      <trkpt lat="43.063958" lon="-89.39712">
        <ele>258.13</ele>
      </trkpt>
      <trkpt lat="43.063694" lon="-89.397374">
        <ele>258.77</ele>
      </trkpt>
      <trkpt lat="43.063483" lon="-89.397536">
        <ele>259</ele>
      </trkpt>
      <trkpt lat="43.063407" lon="-89.39758">
        <ele>259</ele>
      </trkpt>
      <trkpt lat="43.063245" lon="-89.397626">
        <ele>258.8</ele>
      </trkpt>
      <trkpt lat="43.063208" lon="-89.397646">
        <ele>258.71</ele>
      </trkpt>
      <trkpt lat="43.063181" lon="-89.397676">
        <ele>258.57</ele>
      </trkpt>
      <trkpt lat="43.063181" lon="-89.397676">
        <ele>258.57</ele>
      </trkpt>
      <trkpt lat="43.063137" lon="-89.397776">
        <ele>258.23</ele>
      </trkpt>
      <trkpt lat="43.063135" lon="-89.398597">
        <ele>258.22</ele>
      </trkpt>
      <trkpt lat="43.06309" lon="-89.399218">
        <ele>259</ele>
      </trkpt>
      <trkpt lat="43.063056" lon="-89.39938">
        <ele>259</ele>
      </trkpt>
      <trkpt lat="43.063001" lon="-89.39946">
        <ele>259</ele>
      </trkpt>
      <trkpt lat="43.062835" lon="-89.399553">
        <ele>259</ele>
      </trkpt>
      <trkpt lat="43.062801" lon="-89.399585">
        <ele>259</ele>
      </trkpt>
      <trkpt lat="43.062744" lon="-89.399678">
        <ele>259</ele>
      </trkpt>
      <trkpt lat="43.062742" lon="-89.399733">
        <ele>259</ele>
      </trkpt>
      <trkpt lat="43.062073" lon="-89.399716">
        <ele>259</ele>
      </trkpt>
      <trkpt lat="43.059896" lon="-89.39971">
        <ele>258.95</ele>
      </trkpt>
      <trkpt lat="43.059677" lon="-89.399693">
        <ele>259</ele>
      </trkpt>
      <trkpt lat="43.059584" lon="-89.399663">
        <ele>259</ele>
      </trkpt>
      <trkpt lat="43.059406" lon="-89.399554">
        <ele>259</ele>
      </trkpt>
      <trkpt lat="43.058206" lon="-89.398601">
        <ele>259</ele>
      </trkpt>
      <trkpt lat="43.057722" lon="-89.39827">
        <ele>259</ele>
      </trkpt>
      <trkpt lat="43.057454" lon="-89.398015">
        <ele>259</ele>
      </trkpt>
      <trkpt lat="43.057158" lon="-89.397645">
        <ele>259</ele>
      </trkpt>
      <trkpt lat="43.057032" lon="-89.397406">
        <ele>259</ele>
      </trkpt>
      <trkpt lat="43.056989" lon="-89.397295">
        <ele>259</ele>
      </trkpt>
      <trkpt lat="43.056948" lon="-89.397108">
        <ele>259</ele>
      </trkpt>
      <trkpt lat="43.056922" lon="-89.39689">
        <ele>259</ele>
      </trkpt>
      <trkpt lat="43.056924" lon="-89.396796">
        <ele>259</ele>
      </trkpt>
      <trkpt lat="43.056963" lon="-89.396311">
        <ele>258.99</ele>
      </trkpt>
      <trkpt lat="43.057065" lon="-89.395533">
        <ele>259</ele>
      </trkpt>
      <trkpt lat="43.057096" lon="-89.395148">
        <ele>259</ele>
      </trkpt>
      <trkpt lat="43.057096" lon="-89.395148">
        <ele>259</ele>
      </trkpt>
      <trkpt lat="43.057112" lon="-89.394924">
        <ele>259</ele>
      </trkpt>
      <trkpt lat="43.057106" lon="-89.394692">
        <ele>259</ele>
      </trkpt>
      <trkpt lat="43.057053" lon="-89.394358">
        <ele>259.14</ele>
      </trkpt>
      <trkpt lat="43.057003" lon="-89.394113">
        <ele>259</ele>
      </trkpt>
      <trkpt lat="43.056965" lon="-89.393817">
        <ele>259</ele>
      </trkpt>
      <trkpt lat="43.056921" lon="-89.392905">
        <ele>259.23</ele>
      </trkpt>
      <trkpt lat="43.05688" lon="-89.392361">
        <ele>259.47</ele>
      </trkpt>
      <trkpt lat="43.056904" lon="-89.391619">
        <ele>259</ele>
      </trkpt>
      <trkpt lat="43.056868" lon="-89.389812">
        <ele>259</ele>
      </trkpt>
      <trkpt lat="43.056861" lon="-89.389696">
        <ele>259</ele>
      </trkpt>
      <trkpt lat="43.05685" lon="-89.389641">
        <ele>259</ele>
      </trkpt>
      <trkpt lat="43.056829" lon="-89.389592">
        <ele>259</ele>
      </trkpt>
      <trkpt lat="43.056803" lon="-89.38957">
        <ele>259</ele>
      </trkpt>
      <trkpt lat="43.056772" lon="-89.38956">
        <ele>259</ele>
      </trkpt>
      <trkpt lat="43.056772" lon="-89.389446">
        <ele>259</ele>
      </trkpt>
      <trkpt lat="43.056143" lon="-89.389453">
        <ele>259.85</ele>
      </trkpt>
      <trkpt lat="43.056147" lon="-89.388769">
        <ele>261</ele>
      </trkpt>
      <trkpt lat="43.056138" lon="-89.388593">
        <ele>261</ele>
      </trkpt>
      <trkpt lat="43.056099" lon="-89.385641">
        <ele>260</ele>
      </trkpt>
      <trkpt lat="43.056074" lon="-89.385643">
        <ele>260</ele>
      </trkpt>
      <trkpt lat="43.056021" lon="-89.385626">
        <ele>260</ele>
      </trkpt>
      <trkpt lat="43.056003" lon="-89.383941">
        <ele>259</ele>
      </trkpt>
      <trkpt lat="43.055988" lon="-89.381772">
        <ele>260</ele>
      </trkpt>
      <trkpt lat="43.055974" lon="-89.381156">
        <ele>259</ele>
      </trkpt>
      <trkpt lat="43.055959" lon="-89.38104">
        <ele>259</ele>
      </trkpt>
      <trkpt lat="43.055896" lon="-89.38086">
        <ele>259</ele>
      </trkpt>
      <trkpt lat="43.055785" lon="-89.380758">
        <ele>259</ele>
      </trkpt>
      <trkpt lat="43.055823" lon="-89.380684">
        <ele>259</ele>
      </trkpt>
      <trkpt lat="43.055912" lon="-89.380463">
        <ele>259</ele>
      </trkpt>
      <trkpt lat="43.055951" lon="-89.380303">
        <ele>259</ele>
      </trkpt>
      <trkpt lat="43.055977" lon="-89.380054">
        <ele>259</ele>
      </trkpt>
      <trkpt lat="43.055981" lon="-89.379765">
        <ele>259</ele>
      </trkpt>
      <trkpt lat="43.055967" lon="-89.379593">
        <ele>259</ele>
      </trkpt>
      <trkpt lat="43.055918" lon="-89.379424">
        <ele>259</ele>
      </trkpt>
      <trkpt lat="43.055841" lon="-89.379264">
        <ele>259</ele>
      </trkpt>
      <trkpt lat="43.055564" lon="-89.37896">
        <ele>259</ele>
      </trkpt>
      <trkpt lat="43.055601" lon="-89.378879">
        <ele>259</ele>
      </trkpt>
      <trkpt lat="43.055422" lon="-89.378757">
        <ele>258.97</ele>
      </trkpt>
      <trkpt lat="43.055337" lon="-89.378673">
        <ele>258.96</ele>
      </trkpt>
      <trkpt lat="43.055175" lon="-89.378534">
        <ele>259.18</ele>
      </trkpt>
      <trkpt lat="43.055119" lon="-89.378489">
        <ele>259.14</ele>
      </trkpt>
      <trkpt lat="43.054912" lon="-89.378321">
        <ele>259</ele>
      </trkpt>
      <trkpt lat="43.054861" lon="-89.378363">
        <ele>259</ele>
      </trkpt>
      <trkpt lat="43.054812" lon="-89.378387">
        <ele>259</ele>
      </trkpt>
      <trkpt lat="43.054776" lon="-89.378388">
        <ele>259</ele>
      </trkpt>
      <trkpt lat="43.054578" lon="-89.378266">
        <ele>259</ele>
      </trkpt>
      <trkpt lat="43.054392" lon="-89.378135">
        <ele>259.55</ele>
      </trkpt>
      <trkpt lat="43.05404" lon="-89.378955">
        <ele>260</ele>
      </trkpt>
      <trkpt lat="43.053926" lon="-89.37918">
        <ele>260</ele>
      </trkpt>
      <trkpt lat="43.053887" lon="-89.379129">
        <ele>260</ele>
      </trkpt>
      <trkpt lat="43.052545" lon="-89.377859">
        <ele>259</ele>
      </trkpt>
      <trkpt lat="43.052449" lon="-89.377781">
        <ele>259</ele>
      </trkpt>
      <trkpt lat="43.052348" lon="-89.377717">
        <ele>259</ele>
      </trkpt>
      <trkpt lat="43.052233" lon="-89.377667">
        <ele>259</ele>
      </trkpt>
      <trkpt lat="43.051872" lon="-89.377546">
        <ele>259.39</ele>
      </trkpt>
      <trkpt lat="43.05179" lon="-89.377498">
        <ele>260</ele>
      </trkpt>
      <trkpt lat="43.051759" lon="-89.377576">
        <ele>259.8</ele>
      </trkpt>
      <trkpt lat="43.051719" lon="-89.377625">
        <ele>259.52</ele>
      </trkpt>
      <trkpt lat="43.051655" lon="-89.377678">
        <ele>259.21</ele>
      </trkpt>
      <trkpt lat="43.051598" lon="-89.377699">
        <ele>259.08</ele>
      </trkpt>
      <trkpt lat="43.051296" lon="-89.37771">
        <ele>260</ele>
      </trkpt>
      <trkpt lat="43.051188" lon="-89.377691">
        <ele>260</ele>
      </trkpt>
      <trkpt lat="43.051059" lon="-89.37765">
        <ele>260</ele>
      </trkpt>
      <trkpt lat="43.050266" lon="-89.37727">
        <ele>259.42</ele>
      </trkpt>
      <trkpt lat="43.049867" lon="-89.377049">
        <ele>260</ele>
      </trkpt>
      <trkpt lat="43.049608" lon="-89.376875">
        <ele>259.49</ele>
      </trkpt>
      <trkpt lat="43.048577" lon="-89.376136">
        <ele>260</ele>
      </trkpt>
      <trkpt lat="43.048288" lon="-89.375899">
        <ele>260</ele>
      </trkpt>
      <trkpt lat="43.047874" lon="-89.375488">
        <ele>260</ele>
      </trkpt>
      <trkpt lat="43.047733" lon="-89.375323">
        <ele>260</ele>
      </trkpt>
      <trkpt lat="43.047526" lon="-89.374948">
        <ele>260</ele>
      </trkpt>
      <trkpt lat="43.047305" lon="-89.37464">
        <ele>259.36</ele>
      </trkpt>
      <trkpt lat="43.047163" lon="-89.374403">
        <ele>259.35</ele>
      </trkpt>
      <trkpt lat="43.047087" lon="-89.374247">
        <ele>260</ele>
      </trkpt>
      <trkpt lat="43.047037" lon="-89.37421">
        <ele>260</ele>
      </trkpt>
      <trkpt lat="43.046961" lon="-89.374197">
        <ele>260</ele>
      </trkpt>
      <trkpt lat="43.046883" lon="-89.374112">
        <ele>260</ele>
      </trkpt>
      <trkpt lat="43.046751" lon="-89.373898">
        <ele>260</ele>
      </trkpt>
      <trkpt lat="43.046637" lon="-89.373546">
        <ele>260</ele>
      </trkpt>
      <trkpt lat="43.046476" lon="-89.373256">
        <ele>260</ele>
      </trkpt>
      <trkpt lat="43.046343" lon="-89.373082">
        <ele>260</ele>
      </trkpt>
      <trkpt lat="43.046061" lon="-89.372786">
        <ele>260</ele>
      </trkpt>
      <trkpt lat="43.045727" lon="-89.372227">
        <ele>259.37</ele>
      </trkpt>
      <trkpt lat="43.045643" lon="-89.372119">
        <ele>259.97</ele>
      </trkpt>
      <trkpt lat="43.04549" lon="-89.371896">
        <ele>260</ele>
      </trkpt>
      <trkpt lat="43.045086" lon="-89.371217">
        <ele>260</ele>
      </trkpt>
      <trkpt lat="43.044581" lon="-89.370273">
        <ele>260.16</ele>
      </trkpt>
      <trkpt lat="43.044506" lon="-89.370103">
        <ele>260</ele>
      </trkpt>
      <trkpt lat="43.044465" lon="-89.369949">
        <ele>260.1</ele>
      </trkpt>
      <trkpt lat="43.044266" lon="-89.368997">
        <ele>260.06</ele>
      </trkpt>
      <trkpt lat="43.044185" lon="-89.368548">
        <ele>260.44</ele>
      </trkpt>
      <trkpt lat="43.044134" lon="-89.368211">
        <ele>260.96</ele>
      </trkpt>
      <trkpt lat="43.044074" lon="-89.367634">
        <ele>260.44</ele>
      </trkpt>
      <trkpt lat="43.044053" lon="-89.367349">
        <ele>260.61</ele>
      </trkpt>
      <trkpt lat="43.044061" lon="-89.367239">
        <ele>260.55</ele>
      </trkpt>
      <trkpt lat="43.044074" lon="-89.367189">
        <ele>260.45</ele>
      </trkpt>
      <trkpt lat="43.044093" lon="-89.36715">
        <ele>260.29</ele>
      </trkpt>
      <trkpt lat="43.044131" lon="-89.3671">
        <ele>260</ele>
      </trkpt>
      <trkpt lat="43.044299" lon="-89.366976">
        <ele>260</ele>
      </trkpt>
      <trkpt lat="43.04441" lon="-89.366843">
        <ele>260</ele>
      </trkpt>
      <trkpt lat="43.044524" lon="-89.366399">
        <ele>260</ele>
      </trkpt>
      <trkpt lat="43.044686" lon="-89.365882">
        <ele>260.91</ele>
      </trkpt>
      <trkpt lat="43.044848" lon="-89.36544">
        <ele>262.36</ele>
      </trkpt>
      <trkpt lat="43.045041" lon="-89.365061">
        <ele>263.56</ele>
      </trkpt>
      <trkpt lat="43.045313" lon="-89.364724">
        <ele>264.31</ele>
      </trkpt>
      <trkpt lat="43.045468" lon="-89.364557">
        <ele>264.35</ele>
      </trkpt>
      <trkpt lat="43.045729" lon="-89.364297">
        <ele>264.28</ele>
      </trkpt>
      <trkpt lat="43.045859" lon="-89.36415">
        <ele>264.1</ele>
      </trkpt>
      <trkpt lat="43.046276" lon="-89.363633">
        <ele>263.79</ele>
      </trkpt>
      <trkpt lat="43.046464" lon="-89.363324">
        <ele>264.29</ele>
      </trkpt>
      <trkpt lat="43.046507" lon="-89.363241">
        <ele>264.23</ele>
      </trkpt>
      <trkpt lat="43.046683" lon="-89.362684">
        <ele>265.26</ele>
      </trkpt>
      <trkpt lat="43.046815" lon="-89.362212">
        <ele>266.77</ele>
      </trkpt>
      <trkpt lat="43.046944" lon="-89.361551">
        <ele>267.99</ele>
      </trkpt>
      <trkpt lat="43.046984" lon="-89.36139">
        <ele>268.27</ele>
      </trkpt>
      <trkpt lat="43.047045" lon="-89.360957">
        <ele>267.81</ele>
      </trkpt>
      <trkpt lat="43.047048" lon="-89.360689">
        <ele>267.79</ele>
      </trkpt>
      <trkpt lat="43.04703" lon="-89.360372">
        <ele>266.94</ele>
      </trkpt>
      <trkpt lat="43.04697" lon="-89.360017">
        <ele>266.47</ele>
      </trkpt>
      <trkpt lat="43.046736" lon="-89.359076">
        <ele>265.44</ele>
      </trkpt>
      <trkpt lat="43.0467" lon="-89.358872">
        <ele>265.01</ele>
      </trkpt>
      <trkpt lat="43.046692" lon="-89.358756">
        <ele>264.4</ele>
      </trkpt>
      <trkpt lat="43.046709" lon="-89.358523">
        <ele>263.2</ele>
      </trkpt>
      <trkpt lat="43.046772" lon="-89.358248">
        <ele>261.95</ele>
      </trkpt>
      <trkpt lat="43.046772" lon="-89.358248">
        <ele>261.95</ele>
      </trkpt>
      <trkpt lat="43.046772" lon="-89.358248">
        <ele>261.95</ele>
      </trkpt>
      <trkpt lat="43.04683" lon="-89.358031">
        <ele>261.29</ele>
      </trkpt>
      <trkpt lat="43.047073" lon="-89.357216">
        <ele>260</ele>
      </trkpt>
      <trkpt lat="43.047224" lon="-89.356833">
        <ele>260.4</ele>
      </trkpt>
      <trkpt lat="43.047386" lon="-89.356437">
        <ele>261</ele>
      </trkpt>
      <trkpt lat="43.0475" lon="-89.356199">
        <ele>262.09</ele>
      </trkpt>
      <trkpt lat="43.047548" lon="-89.35611">
        <ele>262.41</ele>
      </trkpt>
      <trkpt lat="43.047681" lon="-89.355911">
        <ele>262.76</ele>
      </trkpt>
      <trkpt lat="43.047801" lon="-89.355754">
        <ele>263.68</ele>
      </trkpt>
      <trkpt lat="43.047898" lon="-89.355665">
        <ele>264.19</ele>
      </trkpt>
      <trkpt lat="43.048066" lon="-89.355544">
        <ele>264.9</ele>
      </trkpt>
      <trkpt lat="43.048201" lon="-89.355465">
        <ele>265.14</ele>
      </trkpt>
      <trkpt lat="43.048403" lon="-89.355406">
        <ele>265.7</ele>
      </trkpt>
      <trkpt lat="43.048708" lon="-89.355279">
        <ele>266.68</ele>
      </trkpt>
      <trkpt lat="43.048867" lon="-89.355144">
        <ele>267.22</ele>
      </trkpt>
      <trkpt lat="43.049082" lon="-89.354924">
        <ele>268.7</ele>
      </trkpt>
      <trkpt lat="43.049187" lon="-89.354732">
        <ele>269</ele>
      </trkpt>
      <trkpt lat="43.049439" lon="-89.354138">
        <ele>266.98</ele>
      </trkpt>
      <trkpt lat="43.049548" lon="-89.353786">
        <ele>264.99</ele>
      </trkpt>
      <trkpt lat="43.049601" lon="-89.353494">
        <ele>264.09</ele>
      </trkpt>
      <trkpt lat="43.049623" lon="-89.353107">
        <ele>262</ele>
      </trkpt>
      <trkpt lat="43.049619" lon="-89.352919">
        <ele>261.89</ele>
      </trkpt>
      <trkpt lat="43.049541" lon="-89.352275">
        <ele>261</ele>
      </trkpt>
      <trkpt lat="43.049464" lon="-89.351733">
        <ele>262.56</ele>
      </trkpt>
      <trkpt lat="43.049444" lon="-89.351203">
        <ele>263.76</ele>
      </trkpt>
      <trkpt lat="43.049452" lon="-89.350888">
        <ele>264.64</ele>
      </trkpt>
      <trkpt lat="43.049526" lon="-89.350521">
        <ele>265.16</ele>
      </trkpt>
      <trkpt lat="43.049566" lon="-89.350366">
        <ele>265.75</ele>
      </trkpt>
      <trkpt lat="43.049775" lon="-89.349801">
        <ele>264.71</ele>
      </trkpt>
      <trkpt lat="43.049868" lon="-89.349466">
        <ele>264</ele>
      </trkpt>
      <trkpt lat="43.050087" lon="-89.348241">
        <ele>262</ele>
      </trkpt>
      <trkpt lat="43.050122" lon="-89.347903">
        <ele>261.33</ele>
      </trkpt>
      <trkpt lat="43.050103" lon="-89.347615">
        <ele>261</ele>
      </trkpt>
      <trkpt lat="43.049883" lon="-89.345524">
        <ele>261.42</ele>
      </trkpt>
      <trkpt lat="43.049819" lon="-89.344946">
        <ele>262.74</ele>
      </trkpt>
      <trkpt lat="43.049755" lon="-89.344239">
        <ele>263.25</ele>
      </trkpt>
      <trkpt lat="43.049766" lon="-89.34415">
        <ele>263.3</ele>
      </trkpt>
      <trkpt lat="43.049937" lon="-89.343676">
        <ele>263</ele>
      </trkpt>
      <trkpt lat="43.050176" lon="-89.342962">
        <ele>262.9</ele>
      </trkpt>
      <trkpt lat="43.050286" lon="-89.342669">
        <ele>262.02</ele>
      </trkpt>
      <trkpt lat="43.050301" lon="-89.342568">
        <ele>262</ele>
      </trkpt>
      <trkpt lat="43.050284" lon="-89.342326">
        <ele>262.04</ele>
      </trkpt>
      <trkpt lat="43.05045" lon="-89.341987">
        <ele>262.52</ele>
      </trkpt>
      <trkpt lat="43.05054" lon="-89.341864">
        <ele>262</ele>
      </trkpt>
      <trkpt lat="43.050808" lon="-89.341436">
        <ele>260.66</ele>
      </trkpt>
      <trkpt lat="43.050834" lon="-89.34134">
        <ele>260.33</ele>
      </trkpt>
      <trkpt lat="43.050871" lon="-89.341022">
        <ele>260.37</ele>
      </trkpt>
      <trkpt lat="43.050946" lon="-89.340717">
        <ele>259.77</ele>
      </trkpt>
      <trkpt lat="43.050984" lon="-89.340513">
        <ele>259.62</ele>
      </trkpt>
      <trkpt lat="43.050987" lon="-89.340395">
        <ele>259.98</ele>
      </trkpt>
      <trkpt lat="43.050958" lon="-89.340202">
        <ele>260</ele>
      </trkpt>
      <trkpt lat="43.050954" lon="-89.34002">
        <ele>259.95</ele>
      </trkpt>
      <trkpt lat="43.050973" lon="-89.33989">
        <ele>259.63</ele>
      </trkpt>
      <trkpt lat="43.050973" lon="-89.33989">
        <ele>259.63</ele>
      </trkpt>
      <trkpt lat="43.050982" lon="-89.339835">
        <ele>259.49</ele>
      </trkpt>
      <trkpt lat="43.050989" lon="-89.339623">
        <ele>259.63</ele>
      </trkpt>
      <trkpt lat="43.051027" lon="-89.339485">
        <ele>259.3</ele>
      </trkpt>
      <trkpt lat="43.05104" lon="-89.339405">
        <ele>259.06</ele>
      </trkpt>
      <trkpt lat="43.05105" lon="-89.339199">
        <ele>259.82</ele>
      </trkpt>
      <trkpt lat="43.051043" lon="-89.338876">
        <ele>259</ele>
      </trkpt>
      <trkpt lat="43.051085" lon="-89.338624">
        <ele>260.19</ele>
      </trkpt>
      <trkpt lat="43.051127" lon="-89.338412">
        <ele>259.65</ele>
      </trkpt>
      <trkpt lat="43.051148" lon="-89.338246">
        <ele>259.41</ele>
      </trkpt>
      <trkpt lat="43.051144" lon="-89.338188">
        <ele>259.43</ele>
      </trkpt>
      <trkpt lat="43.051107" lon="-89.338097">
        <ele>259.48</ele>
      </trkpt>
      <trkpt lat="43.05107" lon="-89.338067">
        <ele>259.66</ele>
      </trkpt>
      <trkpt lat="43.050891" lon="-89.338006">
        <ele>260</ele>
      </trkpt>
      <trkpt lat="43.050661" lon="-89.33787">
        <ele>259.34</ele>
      </trkpt>
      <trkpt lat="43.050083" lon="-89.337677">
        <ele>259</ele>
      </trkpt>
      <trkpt lat="43.049981" lon="-89.337634">
        <ele>259.42</ele>
      </trkpt>
      <trkpt lat="43.04978" lon="-89.337569">
        <ele>260</ele>
      </trkpt>
      <trkpt lat="43.04972" lon="-89.337542">
        <ele>260</ele>
      </trkpt>
      <trkpt lat="43.049697" lon="-89.337518">
        <ele>260</ele>
      </trkpt>
      <trkpt lat="43.049688" lon="-89.337477">
        <ele>260</ele>
      </trkpt>
      <trkpt lat="43.049787" lon="-89.337134">
        <ele>260.03</ele>
      </trkpt>
      <trkpt lat="43.049947" lon="-89.336689">
        <ele>260.93</ele>
      </trkpt>
      <trkpt lat="43.050095" lon="-89.336335">
        <ele>261</ele>
      </trkpt>
      <trkpt lat="43.05015" lon="-89.336173">
        <ele>261</ele>
      </trkpt>
      <trkpt lat="43.050197" lon="-89.336034">
        <ele>261.51</ele>
      </trkpt>
      <trkpt lat="43.050228" lon="-89.336035">
        <ele>261.67</ele>
      </trkpt>
      <trkpt lat="43.050243" lon="-89.336066">
        <ele>261.69</ele>
      </trkpt>
      <trkpt lat="43.05045" lon="-89.33621">
        <ele>261.5</ele>
      </trkpt>
      <trkpt lat="43.051537" lon="-89.336655">
        <ele>259.72</ele>
      </trkpt>
      <trkpt lat="43.05174" lon="-89.336717">
        <ele>259.16</ele>
      </trkpt>
      <trkpt lat="43.052093" lon="-89.336789">
        <ele>259</ele>
      </trkpt>
      <trkpt lat="43.052406" lon="-89.336818">
        <ele>259</ele>
      </trkpt>
      <trkpt lat="43.052523" lon="-89.33683">
        <ele>259</ele>
      </trkpt>
      <trkpt lat="43.052557" lon="-89.336814">
        <ele>259</ele>
      </trkpt>
      <trkpt lat="43.053578" lon="-89.336804">
        <ele>259.15</ele>
      </trkpt>
      <trkpt lat="43.05362" lon="-89.336779">
        <ele>259.51</ele>
      </trkpt>
      <trkpt lat="43.053735" lon="-89.336761">
        <ele>260</ele>
      </trkpt>
      <trkpt lat="43.053779" lon="-89.336808">
        <ele>259.96</ele>
      </trkpt>
      <trkpt lat="43.053819" lon="-89.33681">
        <ele>260</ele>
      </trkpt>
      <trkpt lat="43.05395" lon="-89.336799">
        <ele>260.13</ele>
      </trkpt>
      <trkpt lat="43.0543" lon="-89.336758">
        <ele>261</ele>
      </trkpt>
      <trkpt lat="43.054349" lon="-89.336732">
        <ele>261.3</ele>
      </trkpt>
      <trkpt lat="43.054584" lon="-89.336692">
        <ele>262.09</ele>
      </trkpt>
      <trkpt lat="43.05464" lon="-89.336667">
        <ele>262.4</ele>
      </trkpt>
      <trkpt lat="43.05482" lon="-89.336633">
        <ele>263</ele>
      </trkpt>
      <trkpt lat="43.054871" lon="-89.336634">
        <ele>263</ele>
      </trkpt>
      <trkpt lat="43.055092" lon="-89.33659">
        <ele>263.1</ele>
      </trkpt>
      <trkpt lat="43.055204" lon="-89.33659">
        <ele>263.19</ele>
      </trkpt>
      <trkpt lat="43.055211" lon="-89.336658">
        <ele>263.11</ele>
      </trkpt>
      <trkpt lat="43.055386" lon="-89.336637">
        <ele>263.82</ele>
      </trkpt>
      <trkpt lat="43.055752" lon="-89.33665">
        <ele>264</ele>
      </trkpt>
      <trkpt lat="43.055905" lon="-89.336675">
        <ele>264</ele>
      </trkpt>
      <trkpt lat="43.055906" lon="-89.336854">
        <ele>263.56</ele>
      </trkpt>
      <trkpt lat="43.055914" lon="-89.336917">
        <ele>263.19</ele>
      </trkpt>
      <trkpt lat="43.056008" lon="-89.336933">
        <ele>263.1</ele>
      </trkpt>
      <trkpt lat="43.056035" lon="-89.336927">
        <ele>263.14</ele>
      </trkpt>
      <trkpt lat="43.056041" lon="-89.3369">
        <ele>263.29</ele>
      </trkpt>
      <trkpt lat="43.056041" lon="-89.3369">
        <ele>263.29</ele>
      </trkpt>
      <trkpt lat="43.056047" lon="-89.336874">
        <ele>263.44</ele>
      </trkpt>
      <trkpt lat="43.056063" lon="-89.336853">
        <ele>263.56</ele>
      </trkpt>
      <trkpt lat="43.056085" lon="-89.336843">
        <ele>263.62</ele>
      </trkpt>
      <trkpt lat="43.056125" lon="-89.336845">
        <ele>263.61</ele>
      </trkpt>
      <trkpt lat="43.056146" lon="-89.336833">
        <ele>263.68</ele>
      </trkpt>
      <trkpt lat="43.056182" lon="-89.336846">
        <ele>263.61</ele>
      </trkpt>
      <trkpt lat="43.056204" lon="-89.336759">
        <ele>264</ele>
      </trkpt>
      <trkpt lat="43.056234" lon="-89.336768">
        <ele>264</ele>
      </trkpt>
      <trkpt lat="43.056263" lon="-89.336697">
        <ele>264</ele>
      </trkpt>
      <trkpt lat="43.05634" lon="-89.33673">
        <ele>264.04</ele>
      </trkpt>
      <trkpt lat="43.056718" lon="-89.336937">
        <ele>264.23</ele>
      </trkpt>
      <trkpt lat="43.056883" lon="-89.336999">
        <ele>264.71</ele>
      </trkpt>
      <trkpt lat="43.057563" lon="-89.337356">
        <ele>263.56</ele>
      </trkpt>
      <trkpt lat="43.057684" lon="-89.337421">
        <ele>262.43</ele>
      </trkpt>
      <trkpt lat="43.058308" lon="-89.337613">
        <ele>261.26</ele>
      </trkpt>
      <trkpt lat="43.058364" lon="-89.33765">
        <ele>260.98</ele>
      </trkpt>
      <trkpt lat="43.058407" lon="-89.337645">
        <ele>260.98</ele>
      </trkpt>
      <trkpt lat="43.058612" lon="-89.337734">
        <ele>260.44</ele>
      </trkpt>
      <trkpt lat="43.058652" lon="-89.337724">
        <ele>260.5</ele>
      </trkpt>
      <trkpt lat="43.058665" lon="-89.337757">
        <ele>260.31</ele>
      </trkpt>
      <trkpt lat="43.058795" lon="-89.337896">
        <ele>260</ele>
      </trkpt>
      <trkpt lat="43.058815" lon="-89.337898">
        <ele>260</ele>
      </trkpt>
      <trkpt lat="43.058823" lon="-89.337956">
        <ele>260</ele>
      </trkpt>
      <trkpt lat="43.058934" lon="-89.338178">
        <ele>260</ele>
      </trkpt>
      <trkpt lat="43.058975" lon="-89.33829">
        <ele>260</ele>
      </trkpt>
      <trkpt lat="43.059001" lon="-89.3384">
        <ele>260</ele>
      </trkpt>
      <trkpt lat="43.059029" lon="-89.338613">
        <ele>260</ele>
      </trkpt>
      <trkpt lat="43.059024" lon="-89.338835">
        <ele>260</ele>
      </trkpt>
      <trkpt lat="43.058952" lon="-89.338828">
        <ele>260</ele>
      </trkpt>
      <trkpt lat="43.05882" lon="-89.339843">
        <ele>260.7</ele>
      </trkpt>
      <trkpt lat="43.058614" lon="-89.341388">
        <ele>268.95</ele>
      </trkpt>
      <trkpt lat="43.058567" lon="-89.341724">
        <ele>269.03</ele>
      </trkpt>
      <trkpt lat="43.058558" lon="-89.341897">
        <ele>269</ele>
      </trkpt>
      <trkpt lat="43.058569" lon="-89.342079">
        <ele>269</ele>
      </trkpt>
      <trkpt lat="43.058636" lon="-89.342474">
        <ele>269.07</ele>
      </trkpt>
      <trkpt lat="43.058689" lon="-89.342676">
        <ele>269.16</ele>
      </trkpt>
      <trkpt lat="43.058856" lon="-89.343135">
        <ele>267.84</ele>
      </trkpt>
      <trkpt lat="43.059237" lon="-89.343905">
        <ele>261.56</ele>
      </trkpt>
      <trkpt lat="43.059629" lon="-89.3447">
        <ele>259</ele>
      </trkpt>
      <trkpt lat="43.060224" lon="-89.345959">
        <ele>259.41</ele>
      </trkpt>
      <trkpt lat="43.060293" lon="-89.346058">
        <ele>259.98</ele>
      </trkpt>
      <trkpt lat="43.060316" lon="-89.346075">
        <ele>260</ele>
      </trkpt>
      <trkpt lat="43.0603" lon="-89.346087">
        <ele>260</ele>
      </trkpt>
      <trkpt lat="43.060316" lon="-89.346075">
        <ele>260</ele>
      </trkpt>
      <trkpt lat="43.060366" lon="-89.346114">
        <ele>260</ele>
      </trkpt>
      <trkpt lat="43.060447" lon="-89.346142">
        <ele>260</ele>
      </trkpt>
      <trkpt lat="43.060515" lon="-89.346129">
        <ele>260.14</ele>
      </trkpt>
      <trkpt lat="43.061139" lon="-89.345955">
        <ele>261</ele>
      </trkpt>
      <trkpt lat="43.061418" lon="-89.345908">
        <ele>260.08</ele>
      </trkpt>
      <trkpt lat="43.062117" lon="-89.345743">
        <ele>261.12</ele>
      </trkpt>
      <trkpt lat="43.062424" lon="-89.345661">
        <ele>261</ele>
      </trkpt>
      <trkpt lat="43.063899" lon="-89.345023">
        <ele>261</ele>
      </trkpt>
      <trkpt lat="43.06462" lon="-89.344742">
        <ele>260.29</ele>
      </trkpt>
      <trkpt lat="43.065121" lon="-89.344532">
        <ele>260.1</ele>
      </trkpt>
      <trkpt lat="43.0653" lon="-89.344445">
        <ele>260.77</ele>
      </trkpt>
      <trkpt lat="43.065411" lon="-89.344343">
        <ele>261</ele>
      </trkpt>
      <trkpt lat="43.065541" lon="-89.344192">
        <ele>261</ele>
      </trkpt>
      <trkpt lat="43.065895" lon="-89.343641">
        <ele>260.92</ele>
      </trkpt>
      <trkpt lat="43.066485" lon="-89.342766">
        <ele>261</ele>
      </trkpt>
      <trkpt lat="43.0669" lon="-89.342135">
        <ele>260.3</ele>
      </trkpt>
      <trkpt lat="43.067768" lon="-89.340879">
        <ele>261</ele>
      </trkpt>
      <trkpt lat="43.069029" lon="-89.339112">
        <ele>264.12</ele>
      </trkpt>
      <trkpt lat="43.069245" lon="-89.33883">
        <ele>264</ele>
      </trkpt>
      <trkpt lat="43.069413" lon="-89.338595">
        <ele>264.18</ele>
      </trkpt>
      <trkpt lat="43.069497" lon="-89.33851">
        <ele>264.85</ele>
      </trkpt>
      <trkpt lat="43.069812" lon="-89.338129">
        <ele>264.36</ele>
      </trkpt>
      <trkpt lat="43.070088" lon="-89.337839">
        <ele>265</ele>
      </trkpt>
      <trkpt lat="43.07081" lon="-89.337286">
        <ele>266.02</ele>
      </trkpt>
      <trkpt lat="43.070822" lon="-89.337166">
        <ele>266.29</ele>
      </trkpt>
      <trkpt lat="43.070897" lon="-89.336851">
        <ele>266.42</ele>
      </trkpt>
      <trkpt lat="43.070978" lon="-89.336595">
        <ele>265.59</ele>
      </trkpt>
      <trkpt lat="43.07109" lon="-89.336311">
        <ele>264.43</ele>
      </trkpt>
      <trkpt lat="43.071216" lon="-89.336039">
        <ele>263.07</ele>
      </trkpt>
      <trkpt lat="43.071383" lon="-89.335588">
        <ele>261.07</ele>
      </trkpt>
      <trkpt lat="43.071461" lon="-89.335333">
        <ele>260.28</ele>
      </trkpt>
      <trkpt lat="43.071582" lon="-89.334846">
        <ele>259.56</ele>
      </trkpt>
      <trkpt lat="43.071614" lon="-89.334606">
        <ele>259.11</ele>
      </trkpt>
      <trkpt lat="43.071627" lon="-89.33434">
        <ele>259</ele>
      </trkpt>
      <trkpt lat="43.071563" lon="-89.334038">
        <ele>259</ele>
      </trkpt>
      <trkpt lat="43.071545" lon="-89.333983">
        <ele>259</ele>
      </trkpt>
      <trkpt lat="43.07166" lon="-89.333919">
        <ele>259</ele>
      </trkpt>
      <trkpt lat="43.07171" lon="-89.333888">
        <ele>259</ele>
      </trkpt>
      <trkpt lat="43.07171" lon="-89.333888">
        <ele>259</ele>
      </trkpt>
      <trkpt lat="43.07166" lon="-89.333919">
        <ele>259</ele>
      </trkpt>
      <trkpt lat="43.071536" lon="-89.333491">
        <ele>259</ele>
      </trkpt>
      <trkpt lat="43.0715" lon="-89.333277">
        <ele>259</ele>
      </trkpt>
      <trkpt lat="43.071353" lon="-89.333198">
        <ele>259</ele>
      </trkpt>
      <trkpt lat="43.071336" lon="-89.333039">
        <ele>259</ele>
      </trkpt>
      <trkpt lat="43.071337" lon="-89.332815">
        <ele>259.02</ele>
      </trkpt>
      <trkpt lat="43.071397" lon="-89.332378">
        <ele>259.6</ele>
      </trkpt>
      <trkpt lat="43.071442" lon="-89.33223">
        <ele>259.37</ele>
      </trkpt>
      <trkpt lat="43.071617" lon="-89.331914">
        <ele>259</ele>
      </trkpt>
      <trkpt lat="43.072235" lon="-89.330926">
        <ele>260</ele>
      </trkpt>
      <trkpt lat="43.07242" lon="-89.330661">
        <ele>260</ele>
      </trkpt>
      <trkpt lat="43.072955" lon="-89.329975">
        <ele>260.83</ele>
      </trkpt>
      <trkpt lat="43.073238" lon="-89.329649">
        <ele>261.45</ele>
      </trkpt>
      <trkpt lat="43.073914" lon="-89.328972">
        <ele>263.39</ele>
      </trkpt>
      <trkpt lat="43.074178" lon="-89.32869">
        <ele>264.03</ele>
      </trkpt>
      <trkpt lat="43.074315" lon="-89.328563">
        <ele>264.61</ele>
      </trkpt>
      <trkpt lat="43.074641" lon="-89.328226">
        <ele>264</ele>
      </trkpt>
      <trkpt lat="43.074838" lon="-89.328066">
        <ele>263.88</ele>
      </trkpt>
      <trkpt lat="43.074957" lon="-89.327995">
        <ele>264.07</ele>
      </trkpt>
      <trkpt lat="43.075243" lon="-89.32787">
        <ele>264</ele>
      </trkpt>
      <trkpt lat="43.075459" lon="-89.327808">
        <ele>264.15</ele>
      </trkpt>
      <trkpt lat="43.075689" lon="-89.327784">
        <ele>264.29</ele>
      </trkpt>
      <trkpt lat="43.075787" lon="-89.327732">
        <ele>264.6</ele>
      </trkpt>
      <trkpt lat="43.075818" lon="-89.327693">
        <ele>264.82</ele>
      </trkpt>
      <trkpt lat="43.075829" lon="-89.327394">
        <ele>265.14</ele>
      </trkpt>
      <trkpt lat="43.075844" lon="-89.326153">
        <ele>266.71</ele>
      </trkpt>
      <trkpt lat="43.07595" lon="-89.32616">
        <ele>266.21</ele>
      </trkpt>
      <trkpt lat="43.076224" lon="-89.326121">
        <ele>266</ele>
      </trkpt>
      <trkpt lat="43.076498" lon="-89.326022">
        <ele>265</ele>
      </trkpt>
      <trkpt lat="43.076892" lon="-89.325851">
        <ele>263.63</ele>
      </trkpt>
      <trkpt lat="43.077375" lon="-89.325547">
        <ele>261.61</ele>
      </trkpt>
      <trkpt lat="43.078665" lon="-89.324761">
        <ele>259.85</ele>
      </trkpt>
      <trkpt lat="43.079483" lon="-89.324246">
        <ele>261.56</ele>
      </trkpt>
      <trkpt lat="43.079726" lon="-89.324153">
        <ele>262.04</ele>
      </trkpt>
      <trkpt lat="43.079983" lon="-89.324084">
        <ele>261.19</ele>
      </trkpt>
      <trkpt lat="43.08014" lon="-89.324057">
        <ele>261.58</ele>
      </trkpt>
      <trkpt lat="43.080308" lon="-89.324044">
        <ele>262</ele>
      </trkpt>
      <trkpt lat="43.080744" lon="-89.324085">
        <ele>263</ele>
      </trkpt>
      <trkpt lat="43.081049" lon="-89.324134">
        <ele>263.39</ele>
      </trkpt>
      <trkpt lat="43.081263" lon="-89.324192">
        <ele>263.82</ele>
      </trkpt>
      <trkpt lat="43.08247" lon="-89.324641">
        <ele>264.39</ele>
      </trkpt>
      <trkpt lat="43.082915" lon="-89.324811">
        <ele>263.42</ele>
      </trkpt>
      <trkpt lat="43.083666" lon="-89.325163">
        <ele>263.18</ele>
      </trkpt>
      <trkpt lat="43.083776" lon="-89.325215">
        <ele>263</ele>
      </trkpt>
      <trkpt lat="43.083835" lon="-89.325298">
        <ele>263</ele>
      </trkpt>
      <trkpt lat="43.083887" lon="-89.325286">
        <ele>263.07</ele>
      </trkpt>
      <trkpt lat="43.083966" lon="-89.325286">
        <ele>263.18</ele>
      </trkpt>
      <trkpt lat="43.084672" lon="-89.325565">
        <ele>263.8</ele>
      </trkpt>
      <trkpt lat="43.084868" lon="-89.325622">
        <ele>264</ele>
      </trkpt>
      <trkpt lat="43.08528" lon="-89.325795">
        <ele>264</ele>
      </trkpt>
      <trkpt lat="43.085514" lon="-89.325878">
        <ele>263.87</ele>
      </trkpt>
      <trkpt lat="43.08603" lon="-89.326111">
        <ele>263</ele>
      </trkpt>
      <trkpt lat="43.08612" lon="-89.326158">
        <ele>263</ele>
      </trkpt>
      <trkpt lat="43.086242" lon="-89.326243">
        <ele>263</ele>
      </trkpt>
      <trkpt lat="43.0866" lon="-89.326538">
        <ele>262</ele>
      </trkpt>
      <trkpt lat="43.086835" lon="-89.326755">
        <ele>262</ele>
      </trkpt>
      <trkpt lat="43.08692" lon="-89.326851">
        <ele>262.13</ele>
      </trkpt>
      <trkpt lat="43.087407" lon="-89.327327">
        <ele>261.56</ele>
      </trkpt>
      <trkpt lat="43.087947" lon="-89.327833">
        <ele>261</ele>
      </trkpt>
      <trkpt lat="43.088311" lon="-89.328188">
        <ele>260</ele>
      </trkpt>
      <trkpt lat="43.088537" lon="-89.328422">
        <ele>260</ele>
      </trkpt>
      <trkpt lat="43.088852" lon="-89.328789">
        <ele>259.95</ele>
      </trkpt>
      <trkpt lat="43.089106" lon="-89.329176">
        <ele>259.05</ele>
      </trkpt>
      <trkpt lat="43.089253" lon="-89.329458">
        <ele>259.04</ele>
      </trkpt>
      <trkpt lat="43.089253" lon="-89.329458">
        <ele>259.04</ele>
      </trkpt>
      <trkpt lat="43.089401" lon="-89.329745">
        <ele>259.92</ele>
      </trkpt>
      <trkpt lat="43.089546" lon="-89.330057">
        <ele>260</ele>
      </trkpt>
      <trkpt lat="43.089825" lon="-89.330783">
        <ele>260</ele>
      </trkpt>
      <trkpt lat="43.090075" lon="-89.331483">
        <ele>260</ele>
      </trkpt>
      <trkpt lat="43.090437" lon="-89.332547">
        <ele>259.19</ele>
      </trkpt>
      <trkpt lat="43.090608" lon="-89.333072">
        <ele>259</ele>
      </trkpt>
      <trkpt lat="43.090772" lon="-89.333605">
        <ele>260</ele>
      </trkpt>
      <trkpt lat="43.090908" lon="-89.334058">
        <ele>258.46</ele>
      </trkpt>
      <trkpt lat="43.090999" lon="-89.334307">
        <ele>258.64</ele>
      </trkpt>
      <trkpt lat="43.091319" lon="-89.335203">
        <ele>259.63</ele>
      </trkpt>
      <trkpt lat="43.091519" lon="-89.335783">
        <ele>259</ele>
      </trkpt>
      <trkpt lat="43.091477" lon="-89.335922">
        <ele>259.02</ele>
      </trkpt>
      <trkpt lat="43.091393" lon="-89.336357">
        <ele>259.62</ele>
      </trkpt>
      <trkpt lat="43.091343" lon="-89.336435">
        <ele>259.75</ele>
      </trkpt>
      <trkpt lat="43.091129" lon="-89.336512">
        <ele>259</ele>
      </trkpt>
      <trkpt lat="43.090974" lon="-89.33659">
        <ele>259</ele>
      </trkpt>
      <trkpt lat="43.090866" lon="-89.336695">
        <ele>259</ele>
      </trkpt>
      <trkpt lat="43.090781" lon="-89.336832">
        <ele>259</ele>
      </trkpt>
      <trkpt lat="43.090715" lon="-89.337017">
        <ele>259</ele>
      </trkpt>
      <trkpt lat="43.090666" lon="-89.337265">
        <ele>259</ele>
      </trkpt>
      <trkpt lat="43.090672" lon="-89.337495">
        <ele>259</ele>
      </trkpt>
      <trkpt lat="43.090699" lon="-89.337725">
        <ele>259</ele>
      </trkpt>
      <trkpt lat="43.090839" lon="-89.33813">
        <ele>261.71</ele>
      </trkpt>
      <trkpt lat="43.09084" lon="-89.338216">
        <ele>262.63</ele>
      </trkpt>
      <trkpt lat="43.090824" lon="-89.338265">
        <ele>263.01</ele>
      </trkpt>
      <trkpt lat="43.090812" lon="-89.338305">
        <ele>263.32</ele>
      </trkpt>
      <trkpt lat="43.090676" lon="-89.338495">
        <ele>264.95</ele>
      </trkpt>
      <trkpt lat="43.090636" lon="-89.338601">
        <ele>265.6</ele>
      </trkpt>
      <trkpt lat="43.090621" lon="-89.338708">
        <ele>266.22</ele>
      </trkpt>
      <trkpt lat="43.090575" lon="-89.338709">
        <ele>265.57</ele>
      </trkpt>
      <trkpt lat="43.090533" lon="-89.338839">
        <ele>266.26</ele>
      </trkpt>
      <trkpt lat="43.090396" lon="-89.339488">
        <ele>267.96</ele>
      </trkpt>
      <trkpt lat="43.090395" lon="-89.339526">
        <ele>268.18</ele>
      </trkpt>
      <trkpt lat="43.090406" lon="-89.339564">
        <ele>268.29</ele>
      </trkpt>
      <trkpt lat="43.090474" lon="-89.339734">
        <ele>268.83</ele>
      </trkpt>
      <trkpt lat="43.090501" lon="-89.339831">
        <ele>269.04</ele>
      </trkpt>
      <trkpt lat="43.090535" lon="-89.340034">
        <ele>269.31</ele>
      </trkpt>
      <trkpt lat="43.090537" lon="-89.340138">
        <ele>269.33</ele>
      </trkpt>
      <trkpt lat="43.090526" lon="-89.34028">
        <ele>269.24</ele>
      </trkpt>
      <trkpt lat="43.09051" lon="-89.340375">
        <ele>269.11</ele>
      </trkpt>
      <trkpt lat="43.090473" lon="-89.340491">
        <ele>268.93</ele>
      </trkpt>
      <trkpt lat="43.090427" lon="-89.340603">
        <ele>268.98</ele>
      </trkpt>
      <trkpt lat="43.090372" lon="-89.340709">
        <ele>268.17</ele>
      </trkpt>
      <trkpt lat="43.090224" lon="-89.340865">
        <ele>267.84</ele>
      </trkpt>
      <trkpt lat="43.090147" lon="-89.340919">
        <ele>267.22</ele>
      </trkpt>
      <trkpt lat="43.090063" lon="-89.340961">
        <ele>266.55</ele>
      </trkpt>
      <trkpt lat="43.090031" lon="-89.341003">
        <ele>266.3</ele>
      </trkpt>
      <trkpt lat="43.089986" lon="-89.341121">
        <ele>265.85</ele>
      </trkpt>
      <trkpt lat="43.089938" lon="-89.341327">
        <ele>265.31</ele>
      </trkpt>
      <trkpt lat="43.08995" lon="-89.342278">
        <ele>265.65</ele>
      </trkpt>
      <trkpt lat="43.089964" lon="-89.343673">
        <ele>260.78</ele>
      </trkpt>
      <trkpt lat="43.089972" lon="-89.344362">
        <ele>261.82</ele>
      </trkpt>
      <trkpt lat="43.090002" lon="-89.344563">
        <ele>262.07</ele>
      </trkpt>
      <trkpt lat="43.090025" lon="-89.34465">
        <ele>262.25</ele>
      </trkpt>
      <trkpt lat="43.090088" lon="-89.344807">
        <ele>262.75</ele>
      </trkpt>
      <trkpt lat="43.09017" lon="-89.344932">
        <ele>263.65</ele>
      </trkpt>
      <trkpt lat="43.090287" lon="-89.345064">
        <ele>264.79</ele>
      </trkpt>
      <trkpt lat="43.090401" lon="-89.345216">
        <ele>266.29</ele>
      </trkpt>
      <trkpt lat="43.090317" lon="-89.34528">
        <ele>266.01</ele>
      </trkpt>
      <trkpt lat="43.090213" lon="-89.345388">
        <ele>265.75</ele>
      </trkpt>
      <trkpt lat="43.090149" lon="-89.345488">
        <ele>265.24</ele>
      </trkpt>
      <trkpt lat="43.090067" lon="-89.345659">
        <ele>264.59</ele>
      </trkpt>
      <trkpt lat="43.090015" lon="-89.345841">
        <ele>264.74</ele>
      </trkpt>
      <trkpt lat="43.089997" lon="-89.34597">
        <ele>265.01</ele>
      </trkpt>
      <trkpt lat="43.089955" lon="-89.345966">
        <ele>264.82</ele>
      </trkpt>
      <trkpt lat="43.089853" lon="-89.346599">
        <ele>265</ele>
      </trkpt>
      <trkpt lat="43.089835" lon="-89.346638">
        <ele>265</ele>
      </trkpt>
      <trkpt lat="43.089805" lon="-89.346798">
        <ele>265.13</ele>
      </trkpt>
      <trkpt lat="43.089694" lon="-89.347359">
        <ele>265</ele>
      </trkpt>
      <trkpt lat="43.089652" lon="-89.348181">
        <ele>263.7</ele>
      </trkpt>
      <trkpt lat="43.089631" lon="-89.348593">
        <ele>261.43</ele>
      </trkpt>
      <trkpt lat="43.089197" lon="-89.34855">
        <ele>260</ele>
      </trkpt>
      <trkpt lat="43.089161" lon="-89.348565">
        <ele>260</ele>
      </trkpt>
      <trkpt lat="43.089124" lon="-89.348596">
        <ele>260</ele>
      </trkpt>
      <trkpt lat="43.088999" lon="-89.348652">
        <ele>259.12</ele>
      </trkpt>
      <trkpt lat="43.088948" lon="-89.348714">
        <ele>258.94</ele>
      </trkpt>
      <trkpt lat="43.088948" lon="-89.348714">
        <ele>258.94</ele>
      </trkpt>
      <trkpt lat="43.088879" lon="-89.348955">
        <ele>258.95</ele>
      </trkpt>
      <trkpt lat="43.088763" lon="-89.349316">
        <ele>259.1</ele>
      </trkpt>
      <trkpt lat="43.088705" lon="-89.349621">
        <ele>258.92</ele>
      </trkpt>
      <trkpt lat="43.08861" lon="-89.349944">
        <ele>258.99</ele>
      </trkpt>
      <trkpt lat="43.088554" lon="-89.350063">
        <ele>259.13</ele>
      </trkpt>
      <trkpt lat="43.088368" lon="-89.350351">
        <ele>258.97</ele>
      </trkpt>
      <trkpt lat="43.088196" lon="-89.35057">
        <ele>258.88</ele>
      </trkpt>
      <trkpt lat="43.087856" lon="-89.350892">
        <ele>258.98</ele>
      </trkpt>
      <trkpt lat="43.087292" lon="-89.351481">
        <ele>258.74</ele>
      </trkpt>
      <trkpt lat="43.086828" lon="-89.352003">
        <ele>258.51</ele>
      </trkpt>
      <trkpt lat="43.086702" lon="-89.352131">
        <ele>258.85</ele>
      </trkpt>
      <trkpt lat="43.086502" lon="-89.352382">
        <ele>258.78</ele>
      </trkpt>
      <trkpt lat="43.086428" lon="-89.352461">
        <ele>258.69</ele>
      </trkpt>
      <trkpt lat="43.086298" lon="-89.352635">
        <ele>258.66</ele>
      </trkpt>
      <trkpt lat="43.086158" lon="-89.352864">
        <ele>258.75</ele>
      </trkpt>
      <trkpt lat="43.08592" lon="-89.353193">
        <ele>258.57</ele>
      </trkpt>
      <trkpt lat="43.085538" lon="-89.353761">
        <ele>258.39</ele>
      </trkpt>
      <trkpt lat="43.085514" lon="-89.353834">
        <ele>258.34</ele>
      </trkpt>
      <trkpt lat="43.085508" lon="-89.353882">
        <ele>258.29</ele>
      </trkpt>
      <trkpt lat="43.085516" lon="-89.353936">
        <ele>258.35</ele>
      </trkpt>
      <trkpt lat="43.08557" lon="-89.354003">
        <ele>258.67</ele>
      </trkpt>
      <trkpt lat="43.085679" lon="-89.354114">
        <ele>258.73</ele>
      </trkpt>
      <trkpt lat="43.08575" lon="-89.354244">
        <ele>258.57</ele>
      </trkpt>
      <trkpt lat="43.086068" lon="-89.354602">
        <ele>259.31</ele>
      </trkpt>
      <trkpt lat="43.086116" lon="-89.354627">
        <ele>259.67</ele>
      </trkpt>
      <trkpt lat="43.086165" lon="-89.354686">
        <ele>259.48</ele>
      </trkpt>
      <trkpt lat="43.086158" lon="-89.354766">
        <ele>259.49</ele>
      </trkpt>
      <trkpt lat="43.085869" lon="-89.355173">
        <ele>259.94</ele>
      </trkpt>
      <trkpt lat="43.085826" lon="-89.355189">
        <ele>259.79</ele>
      </trkpt>
      <trkpt lat="43.085733" lon="-89.355309">
        <ele>259.02</ele>
      </trkpt>
      <trkpt lat="43.08506" lon="-89.356262">
        <ele>259</ele>
      </trkpt>
      <trkpt lat="43.084947" lon="-89.356425">
        <ele>259</ele>
      </trkpt>
      <trkpt lat="43.083696" lon="-89.358209">
        <ele>260</ele>
      </trkpt>
      <trkpt lat="43.082443" lon="-89.359996">
        <ele>264</ele>
      </trkpt>
      <trkpt lat="43.082489" lon="-89.360063">
        <ele>263.74</ele>
      </trkpt>
      <trkpt lat="43.082034" lon="-89.360703">
        <ele>264</ele>
      </trkpt>
      <trkpt lat="43.081308" lon="-89.361763">
        <ele>265</ele>
      </trkpt>
      <trkpt lat="43.081355" lon="-89.361829">
        <ele>265</ele>
      </trkpt>
      <trkpt lat="43.081291" lon="-89.361924">
        <ele>265</ele>
      </trkpt>
      <trkpt lat="43.08124" lon="-89.362206">
        <ele>265</ele>
      </trkpt>
      <trkpt lat="43.081214" lon="-89.362485">
        <ele>264.89</ele>
      </trkpt>
      <trkpt lat="43.08114" lon="-89.362711">
        <ele>265.48</ele>
      </trkpt>
      <trkpt lat="43.081105" lon="-89.36292">
        <ele>265.76</ele>
      </trkpt>
      <trkpt lat="43.080991" lon="-89.363124">
        <ele>266</ele>
      </trkpt>
      <trkpt lat="43.080909" lon="-89.363413">
        <ele>266.32</ele>
      </trkpt>
      <trkpt lat="43.080867" lon="-89.363682">
        <ele>266.66</ele>
      </trkpt>
      <trkpt lat="43.080831" lon="-89.363826">
        <ele>266.94</ele>
      </trkpt>
      <trkpt lat="43.080765" lon="-89.364052">
        <ele>267.47</ele>
      </trkpt>
      <trkpt lat="43.080701" lon="-89.36424">
        <ele>267.33</ele>
      </trkpt>
      <trkpt lat="43.080622" lon="-89.364325">
        <ele>267.6</ele>
      </trkpt>
      <trkpt lat="43.08057" lon="-89.3644">
        <ele>268.02</ele>
      </trkpt>
      <trkpt lat="43.079433" lon="-89.366028">
        <ele>270</ele>
      </trkpt>
      <trkpt lat="43.07933" lon="-89.366174">
        <ele>270</ele>
      </trkpt>
      <trkpt lat="43.078112" lon="-89.367871">
        <ele>264.87</ele>
      </trkpt>
      <trkpt lat="43.078015" lon="-89.368014">
        <ele>264.5</ele>
      </trkpt>
      <trkpt lat="43.077954" lon="-89.368182">
        <ele>264.16</ele>
      </trkpt>
      <trkpt lat="43.077802" lon="-89.368853">
        <ele>263.87</ele>
      </trkpt>
      <trkpt lat="43.077679" lon="-89.369511">
        <ele>263.95</ele>
      </trkpt>
      <trkpt lat="43.0776" lon="-89.36998">
        <ele>264.01</ele>
      </trkpt>
      <trkpt lat="43.077597" lon="-89.370099">
        <ele>264.23</ele>
      </trkpt>
      <trkpt lat="43.077607" lon="-89.370209">
        <ele>264.25</ele>
      </trkpt>
      <trkpt lat="43.077618" lon="-89.37026">
        <ele>264.16</ele>
      </trkpt>
      <trkpt lat="43.077649" lon="-89.370334">
        <ele>264</ele>
      </trkpt>
      <trkpt lat="43.07761" lon="-89.370399">
        <ele>264</ele>
      </trkpt>
      <trkpt lat="43.077575" lon="-89.370484">
        <ele>264</ele>
      </trkpt>
      <trkpt lat="43.077539" lon="-89.370594">
        <ele>263.81</ele>
      </trkpt>
      <trkpt lat="43.077198" lon="-89.372309">
        <ele>263</ele>
      </trkpt>
      <trkpt lat="43.077124" lon="-89.372442">
        <ele>262.65</ele>
      </trkpt>
      <trkpt lat="43.077103" lon="-89.372491">
        <ele>262.36</ele>
      </trkpt>
      <trkpt lat="43.077096" lon="-89.372541">
        <ele>262.08</ele>
      </trkpt>
      <trkpt lat="43.077099" lon="-89.372589">
        <ele>262</ele>
      </trkpt>
      <trkpt lat="43.077111" lon="-89.372629">
        <ele>262</ele>
      </trkpt>
      <trkpt lat="43.077212" lon="-89.37276">
        <ele>261.6</ele>
      </trkpt>
      <trkpt lat="43.077103" lon="-89.372915">
        <ele>261.61</ele>
      </trkpt>
      <trkpt lat="43.077077" lon="-89.372936">
        <ele>261.82</ele>
      </trkpt>
      <trkpt lat="43.077038" lon="-89.372967">
        <ele>262</ele>
      </trkpt>
      <trkpt lat="43.076954" lon="-89.373087">
        <ele>261.98</ele>
      </trkpt>
      <trkpt lat="43.07685" lon="-89.373259">
        <ele>261.94</ele>
      </trkpt>
      <trkpt lat="43.076745" lon="-89.373407">
        <ele>261.49</ele>
      </trkpt>
      <trkpt lat="43.076678" lon="-89.373481">
        <ele>261.61</ele>
      </trkpt>
      <trkpt lat="43.076309" lon="-89.374076">
        <ele>261.14</ele>
      </trkpt>
      <trkpt lat="43.076262" lon="-89.37419">
        <ele>261</ele>
      </trkpt>
      <trkpt lat="43.076099" lon="-89.374924">
        <ele>260</ele>
      </trkpt>
      <trkpt lat="43.076044" lon="-89.375211">
        <ele>260</ele>
      </trkpt>
      <trkpt lat="43.075991" lon="-89.375287">
        <ele>260</ele>
      </trkpt>
      <trkpt lat="43.075945" lon="-89.375297">
        <ele>260</ele>
      </trkpt>
      <trkpt lat="43.075985" lon="-89.375465">
        <ele>260</ele>
      </trkpt>
      <trkpt lat="43.075988" lon="-89.37548">
        <ele>260</ele>
      </trkpt>
      <trkpt lat="43.075968" lon="-89.375552">
        <ele>260</ele>
      </trkpt>
      <trkpt lat="43.075924" lon="-89.375724">
        <ele>260</ele>
      </trkpt>
      <trkpt lat="43.075851" lon="-89.375955">
        <ele>260</ele>
      </trkpt>
      <trkpt lat="43.075821" lon="-89.376136">
        <ele>260</ele>
      </trkpt>
      <trkpt lat="43.075729" lon="-89.376527">
        <ele>260.6</ele>
      </trkpt>
      <trkpt lat="43.075697" lon="-89.376597">
        <ele>260.91</ele>
      </trkpt>
      <trkpt lat="43.075625" lon="-89.376702">
        <ele>261</ele>
      </trkpt>
      <trkpt lat="43.075218" lon="-89.377264">
        <ele>262.39</ele>
      </trkpt>
      <trkpt lat="43.075191" lon="-89.377285">
        <ele>262.51</ele>
      </trkpt>
      <trkpt lat="43.07512" lon="-89.377458">
        <ele>262.81</ele>
      </trkpt>
      <trkpt lat="43.075045" lon="-89.377637">
        <ele>263.55</ele>
      </trkpt>
      <trkpt lat="43.074495" lon="-89.378418">
        <ele>266.76</ele>
      </trkpt>
      <trkpt lat="43.07452" lon="-89.378451">
        <ele>267.16</ele>
      </trkpt>
      <trkpt lat="43.074427" lon="-89.378588">
        <ele>268</ele>
      </trkpt>
      <trkpt lat="43.074515" lon="-89.378712">
        <ele>268</ele>
      </trkpt>
      <trkpt lat="43.074536" lon="-89.37874">
        <ele>268</ele>
      </trkpt>
      <trkpt lat="43.074561" lon="-89.380118">
        <ele>273.98</ele>
      </trkpt>
      <trkpt lat="43.074562" lon="-89.380403">
        <ele>274.94</ele>
      </trkpt>
      <trkpt lat="43.074573" lon="-89.380446">
        <ele>274.97</ele>
      </trkpt>
      <trkpt lat="43.074594" lon="-89.381663">
        <ele>278</ele>
      </trkpt>
      <trkpt lat="43.074603" lon="-89.381746">
        <ele>278.44</ele>
      </trkpt>
      <trkpt lat="43.074606" lon="-89.38191">
        <ele>279</ele>
      </trkpt>
      <trkpt lat="43.074621" lon="-89.381909">
        <ele>279</ele>
      </trkpt>
      <trkpt lat="43.074599" lon="-89.38199">
        <ele>279</ele>
      </trkpt>
      <trkpt lat="43.074523" lon="-89.382102">
        <ele>279.59</ele>
      </trkpt>
      <trkpt lat="43.073946" lon="-89.382952">
        <ele>280</ele>
      </trkpt>
      <trkpt lat="43.073976" lon="-89.383023">
        <ele>280</ele>
      </trkpt>
      <trkpt lat="43.073226" lon="-89.384084">
        <ele>281.04</ele>
      </trkpt>
      <trkpt lat="43.073272" lon="-89.384138">
        <ele>281.35</ele>
      </trkpt>
      <trkpt lat="43.073262" lon="-89.384217">
        <ele>281.81</ele>
      </trkpt>
      <trkpt lat="43.073269" lon="-89.384272">
        <ele>281.98</ele>
      </trkpt>
      <trkpt lat="43.07323" lon="-89.384334">
        <ele>281.78</ele>
      </trkpt>
      <trkpt lat="43.074629" lon="-89.386178">
        <ele>273</ele>
      </trkpt>
      <trkpt lat="43.074645" lon="-89.386199">
        <ele>273</ele>
      </trkpt>
      <trkpt lat="43.074673" lon="-89.386298">
        <ele>273</ele>
      </trkpt>
      <trkpt lat="43.074734" lon="-89.38646">
        <ele>272.15</ele>
      </trkpt>
      <trkpt lat="43.074777" lon="-89.38646">
        <ele>272.15</ele>
      </trkpt>
      <trkpt lat="43.074774" lon="-89.386698">
        <ele>271.65</ele>
      </trkpt>
      <trkpt lat="43.074793" lon="-89.387883">
        <ele>269</ele>
      </trkpt>
      <trkpt lat="43.074808" lon="-89.387926">
        <ele>269.12</ele>
      </trkpt>
      <trkpt lat="43.074834" lon="-89.387942">
        <ele>269.32</ele>
      </trkpt>
      <trkpt lat="43.07486" lon="-89.389654">
        <ele>266</ele>
      </trkpt>
      <trkpt lat="43.074868" lon="-89.389695">
        <ele>266</ele>
      </trkpt>
      <trkpt lat="43.074878" lon="-89.389934">
        <ele>266</ele>
      </trkpt>
      <trkpt lat="43.074879" lon="-89.389978">
        <ele>266</ele>
      </trkpt>
      <trkpt lat="43.07488" lon="-89.390027">
        <ele>266</ele>
      </trkpt>
      <trkpt lat="43.074867" lon="-89.390096">
        <ele>266</ele>
      </trkpt>
      <trkpt lat="43.074885" lon="-89.391408">
        <ele>267</ele>
      </trkpt>
      <trkpt lat="43.074892" lon="-89.391481">
        <ele>267.04</ele>
      </trkpt>
      <trkpt lat="43.074894" lon="-89.391706">
        <ele>267.8</ele>
      </trkpt>
      <trkpt lat="43.074891" lon="-89.391737">
        <ele>267.78</ele>
      </trkpt>
      <trkpt lat="43.074901" lon="-89.392367">
        <ele>266.97</ele>
      </trkpt>
      <trkpt lat="43.074902" lon="-89.392426">
        <ele>266.93</ele>
      </trkpt>
      <trkpt lat="43.074916" lon="-89.393248">
        <ele>266.31</ele>
      </trkpt>
      <trkpt lat="43.074919" lon="-89.39353">
        <ele>267</ele>
      </trkpt>
      <trkpt lat="43.07496" lon="-89.39574">
        <ele>264.06</ele>
      </trkpt>
      <trkpt lat="43.074983" lon="-89.396996">
        <ele>263</ele>
      </trkpt>
      <trkpt lat="43.074987" lon="-89.397252">
        <ele>262.41</ele>
      </trkpt>
      <trkpt lat="43.074988" lon="-89.397264">
        <ele>262.33</ele>
      </trkpt>
      <trkpt lat="43.074991" lon="-89.397308">
        <ele>262.08</ele>
      </trkpt>
      <trkpt lat="43.074993" lon="-89.397468">
        <ele>262</ele>
      </trkpt>
      <trkpt lat="43.075007" lon="-89.398519">
        <ele>262.99</ele>
      </trkpt>
      <trkpt lat="43.075014" lon="-89.398564">
        <ele>263</ele>
      </trkpt>
      <trkpt lat="43.074978" lon="-89.398679">
        <ele>263</ele>
      </trkpt>
      <trkpt lat="43.075318" lon="-89.398938">
        <ele>263</ele>
      </trkpt>
      <trkpt lat="43.07535" lon="-89.398897">
        <ele>263</ele>
      </trkpt>
      <trkpt lat="43.075389" lon="-89.398883">
        <ele>263</ele>
      </trkpt>
      <trkpt lat="43.075429" lon="-89.398895">
        <ele>262.94</ele>
      </trkpt>
      <trkpt lat="43.07546" lon="-89.398933">
        <ele>262.69</ele>
      </trkpt>
      <trkpt lat="43.075475" lon="-89.398991">
        <ele>262.57</ele>
      </trkpt>
      <trkpt lat="43.075466" lon="-89.399052">
        <ele>262.64</ele>
      </trkpt>
      <trkpt lat="43.075744" lon="-89.39928">
        <ele>262</ele>
      </trkpt>
      <trkpt lat="43.075771" lon="-89.399294">
        <ele>262</ele>
      </trkpt>
      <trkpt lat="43.075792" lon="-89.400496">
        <ele>265.48</ele>
      </trkpt>
      <trkpt lat="43.075804" lon="-89.400495">
        <ele>265.48</ele>
      </trkpt>
      <trkpt lat="43.075926" lon="-89.400493">
        <ele>266</ele>
      </trkpt>
      <trkpt lat="43.075937" lon="-89.40052">
        <ele>266</ele>
      </trkpt>
      <trkpt lat="43.075971" lon="-89.400551">
        <ele>266</ele>
      </trkpt>
      <trkpt lat="43.075971" lon="-89.400663">
        <ele>267.29</ele>
      </trkpt>
      <trkpt lat="43.075971" lon="-89.40071">
        <ele>268.11</ele>
      </trkpt>
      <trkpt lat="43.076064" lon="-89.400708">
        <ele>267.9</ele>
      </trkpt>
      <trkpt lat="43.076111" lon="-89.400719">
        <ele>267.53</ele>
      </trkpt>
      <trkpt lat="43.076176" lon="-89.400757">
        <ele>266.97</ele>
      </trkpt>
      <trkpt lat="43.076201" lon="-89.400798">
        <ele>267.21</ele>
      </trkpt>
      <trkpt lat="43.076215" lon="-89.400857">
        <ele>267.56</ele>
      </trkpt>
      <trkpt lat="43.076214" lon="-89.401378">
        <ele>270.09</ele>
      </trkpt>
      <trkpt lat="43.076214" lon="-89.40149">
        <ele>270.62</ele>
      </trkpt>
      <trkpt lat="43.07622" lon="-89.401913">
        <ele>275.37</ele>
      </trkpt>
      <trkpt lat="43.076215" lon="-89.402001">
        <ele>276.71</ele>
      </trkpt>
      <trkpt lat="43.076067" lon="-89.402004">
        <ele>278.28</ele>
      </trkpt>
      <trkpt lat="43.07606" lon="-89.402095">
        <ele>279.37</ele>
      </trkpt>
      <trkpt lat="43.076029" lon="-89.402182">
        <ele>279.83</ele>
      </trkpt>
      <trkpt lat="43.076022" lon="-89.402288">
        <ele>279.78</ele>
      </trkpt>
      <trkpt lat="43.076035" lon="-89.402411">
        <ele>280.47</ele>
      </trkpt>
      <trkpt lat="43.076073" lon="-89.402479">
        <ele>281.17</ele>
      </trkpt>
      <trkpt lat="43.076074" lon="-89.402531">
        <ele>282.01</ele>
      </trkpt>
      <trkpt lat="43.076076" lon="-89.40258">
        <ele>282.8</ele>
      </trkpt>
      <trkpt lat="43.076076" lon="-89.402614">
        <ele>283.37</ele>
      </trkpt>
      <trkpt lat="43.076078" lon="-89.402659">
        <ele>284.04</ele>
      </trkpt>
      <trkpt lat="43.076078" lon="-89.402692">
        <ele>284.28</ele>
      </trkpt>
      <trkpt lat="43.076053" lon="-89.402848">
        <ele>285.16</ele>
      </trkpt>
      <trkpt lat="43.076065" lon="-89.402874">
        <ele>285.38</ele>
      </trkpt>
      <trkpt lat="43.075977" lon="-89.403086">
        <ele>286.79</ele>
      </trkpt>
      <trkpt lat="43.076019" lon="-89.403117">
        <ele>286.77</ele>
      </trkpt>
      <trkpt lat="43.076015" lon="-89.403125">
        <ele>286.81</ele>
      </trkpt>
      <trkpt lat="43.076085" lon="-89.403176">
        <ele>286.68</ele>
      </trkpt>
      <trkpt lat="43.076032" lon="-89.403284">
        <ele>286.52</ele>
      </trkpt>
      <trkpt lat="43.075986" lon="-89.403413">
        <ele>286.6</ele>
      </trkpt>
      <trkpt lat="43.075947" lon="-89.403594">
        <ele>287.02</ele>
      </trkpt>
      <trkpt lat="43.075938" lon="-89.403721">
        <ele>287.65</ele>
      </trkpt>
      <trkpt lat="43.075946" lon="-89.404113">
        <ele>287.47</ele>
      </trkpt>
      <trkpt lat="43.075986" lon="-89.40453">
        <ele>287.05</ele>
      </trkpt>
      <trkpt lat="43.075999" lon="-89.404923">
        <ele>287.32</ele>
      </trkpt>
      <trkpt lat="43.075998" lon="-89.405078">
        <ele>286.86</ele>
      </trkpt>
      <trkpt lat="43.076008" lon="-89.405241">
        <ele>285.63</ele>
      </trkpt>
      <trkpt lat="43.076038" lon="-89.405457">
        <ele>284.33</ele>
      </trkpt>
      <trkpt lat="43.076075" lon="-89.405625">
        <ele>282.52</ele>
      </trkpt>
      <trkpt lat="43.076111" lon="-89.405736">
        <ele>281.58</ele>
      </trkpt>
      <trkpt lat="43.076048" lon="-89.405764">
        <ele>282</ele>
      </trkpt>
      <trkpt lat="43.076061" lon="-89.405809">
        <ele>281.9</ele>
      </trkpt>
      <trkpt lat="43.076048" lon="-89.405764">
        <ele>282</ele>
      </trkpt>
      <trkpt lat="43.07599" lon="-89.405782">
        <ele>281.91</ele>
      </trkpt>
      <trkpt lat="43.07597" lon="-89.405778">
        <ele>281.89</ele>
      </trkpt>
      <trkpt lat="43.075948" lon="-89.405828">
        <ele>281.63</ele>
      </trkpt>
      <trkpt lat="43.075925" lon="-89.405856">
        <ele>281.39</ele>
      </trkpt>
      <trkpt lat="43.075898" lon="-89.405872">
        <ele>281.08</ele>
      </trkpt>
      <trkpt lat="43.075376" lon="-89.406078">
        <ele>275.67</ele>
      </trkpt>
      <trkpt lat="43.07521" lon="-89.406115">
        <ele>274.28</ele>
      </trkpt>
      <trkpt lat="43.074952" lon="-89.406113">
        <ele>272.27</ele>
      </trkpt>
      <trkpt lat="43.074131" lon="-89.406117">
        <ele>268</ele>
      </trkpt>
      <trkpt lat="43.074086" lon="-89.406084">
        <ele>268.06</ele>
      </trkpt>
      <trkpt lat="43.073821" lon="-89.406083">
        <ele>268.06</ele>
      </trkpt>
      <trkpt lat="43.073767" lon="-89.406124">
        <ele>268</ele>
      </trkpt>
      <trkpt lat="43.073644" lon="-89.40612">
        <ele>268</ele>
      </trkpt>
      <trkpt lat="43.073533" lon="-89.406049">
        <ele>268.25</ele>
      </trkpt>
      <trkpt lat="43.073431" lon="-89.40595">
        <ele>268.14</ele>
      </trkpt>
      <trkpt lat="43.073232" lon="-89.405821">
        <ele>268.58</ele>
      </trkpt>
      <trkpt lat="43.073093" lon="-89.405684">
        <ele>269.2</ele>
      </trkpt>
      <trkpt lat="43.073062" lon="-89.405635">
        <ele>269.51</ele>
      </trkpt>
      <trkpt lat="43.072704" lon="-89.405643">
        <ele>269.62</ele>
      </trkpt>
      <trkpt lat="43.072372" lon="-89.405638">
        <ele>269</ele>
      </trkpt>
      <trkpt lat="43.072256" lon="-89.405611">
        <ele>268.81</ele>
      </trkpt>
      <trkpt lat="43.072068" lon="-89.405611">
        <ele>268</ele>
      </trkpt>
      <trkpt lat="43.072062" lon="-89.40471">
        <ele>266.96</ele>
      </trkpt>
      <trkpt lat="43.071963" lon="-89.404579">
        <ele>266.19</ele>
      </trkpt>
      <trkpt lat="43.071815" lon="-89.404357">
        <ele>265.91</ele>
      </trkpt>
      <trkpt lat="43.071754" lon="-89.404274">
        <ele>265.32</ele>
      </trkpt>
      <trkpt lat="43.071692" lon="-89.404191">
        <ele>264.3</ele>
      </trkpt>
      <trkpt lat="43.071263" lon="-89.404202">
        <ele>263.1</ele>
      </trkpt>
      <trkpt lat="43.071096" lon="-89.404202">
        <ele>264</ele>
      </trkpt>
      <trkpt lat="43.071092" lon="-89.403984">
        <ele>263.86</ele>
      </trkpt>
      <trkpt lat="43.071058" lon="-89.403977">
        <ele>263.92</ele>
      </trkpt>
      <trkpt lat="43.070964" lon="-89.403977">
        <ele>264</ele>
      </trkpt>
      <trkpt lat="43.070728" lon="-89.403976">
        <ele>264</ele>
      </trkpt>
      <trkpt lat="43.070627" lon="-89.403853">
        <ele>263.84</ele>
      </trkpt>
      <trkpt lat="43.070596" lon="-89.403853">
        <ele>263.6</ele>
      </trkpt>
      <trkpt lat="43.070588" lon="-89.403806">
        <ele>263.53</ele>
      </trkpt>
      <trkpt lat="43.070488" lon="-89.403806">
        <ele>263</ele>
      </trkpt>
      <trkpt lat="43.070259" lon="-89.403129">
        <ele>263</ele>
      </trkpt>
      <trkpt lat="43.070279" lon="-89.403022">
        <ele>263</ele>
      </trkpt>
      <trkpt lat="43.070245" lon="-89.402964">
        <ele>263</ele>
      </trkpt>
      <trkpt lat="43.070166" lon="-89.40287">
        <ele>263</ele>
      </trkpt>
      <trkpt lat="43.070178" lon="-89.402557">
        <ele>263.09</ele>
      </trkpt>
      <trkpt lat="43.070166" lon="-89.402312">
        <ele>263.16</ele>
      </trkpt>
      <trkpt lat="43.070146" lon="-89.402142">
        <ele>263.21</ele>
      </trkpt>
      <trkpt lat="43.070089" lon="-89.401822">
        <ele>263.31</ele>
      </trkpt>
      <trkpt lat="43.069966" lon="-89.401445">
        <ele>263.42</ele>
      </trkpt>
      <trkpt lat="43.069883" lon="-89.401124">
        <ele>263.52</ele>
      </trkpt>
      <trkpt lat="43.06984" lon="-89.400988">
        <ele>263.39</ele>
      </trkpt>
      <trkpt lat="43.069448" lon="-89.399817">
        <ele>263.38</ele>
      </trkpt>
      <trkpt lat="43.06882" lon="-89.397764">
        <ele>262</ele>
      </trkpt>
      <trkpt lat="43.068728" lon="-89.39781">
        <ele>262</ele>
      </trkpt>
      <trkpt lat="43.068699" lon="-89.397799">
        <ele>262</ele>
      </trkpt>
      <trkpt lat="43.068396" lon="-89.397973">
        <ele>261</ele>
      </trkpt>
      <trkpt lat="43.068383" lon="-89.397994">
        <ele>261</ele>
      </trkpt>
      <trkpt lat="43.068136" lon="-89.398138">
        <ele>260.75</ele>
      </trkpt>
      <trkpt lat="43.068115" lon="-89.39807">
        <ele>260.3</ele>
      </trkpt>
      <trkpt lat="43.068036" lon="-89.398114">
        <ele>260.14</ele>
      </trkpt>
      <trkpt lat="43.06796" lon="-89.39813">
        <ele>260</ele>
      </trkpt>
      <trkpt lat="43.067808" lon="-89.39812">
        <ele>260</ele>
      </trkpt>
      <trkpt lat="43.067816" lon="-89.39792">
        <ele>260</ele>
      </trkpt>
      <trkpt lat="43.067529" lon="-89.397925">
        <ele>260</ele>
      </trkpt>
      <trkpt lat="43.067526" lon="-89.397605">
        <ele>260</ele>
      </trkpt>
      <trkpt lat="43.067516" lon="-89.397435">
        <ele>260</ele>
      </trkpt>
      <trkpt lat="43.067091" lon="-89.397435">
        <ele>260</ele>
      </trkpt>
      <trkpt lat="43.066927" lon="-89.396909">
        <ele>261</ele>
      </trkpt>
      <trkpt lat="43.066812" lon="-89.39685">
        <ele>260.86</ele>
      </trkpt>
      <trkpt lat="43.06673" lon="-89.396852">
        <ele>260.6</ele>
      </trkpt>
      <trkpt lat="43.066686" lon="-89.396863">
        <ele>260.32</ele>
      </trkpt>
      <trkpt lat="43.066616" lon="-89.396911">
        <ele>260.08</ele>
      </trkpt>
      <trkpt lat="43.066623" lon="-89.396855">
        <ele>260.02</ele>
      </trkpt>
      <trkpt lat="43.06662" lon="-89.396786">
        <ele>260.15</ele>
      </trkpt>
      <trkpt lat="43.066334" lon="-89.396401">
        <ele>260</ele>
      </trkpt>
      <trkpt lat="43.066251" lon="-89.396525">
        <ele>260</ele>
      </trkpt>
      <trkpt lat="43.066002" lon="-89.396203">
        <ele>260</ele>
      </trkpt>
      <trkpt lat="43.065904" lon="-89.396344">
        <ele>260</ele>
      </trkpt>
      <trkpt lat="43.065807" lon="-89.396224">
        <ele>260</ele>
      </trkpt>
      <trkpt lat="43.065786" lon="-89.396153">
        <ele>260</ele>
      </trkpt>
      <trkpt lat="43.065375" lon="-89.395617">
        <ele>260</ele>
      </trkpt>
      <trkpt lat="43.065347" lon="-89.39558">
        <ele>259.98</ele>
      </trkpt>
      <trkpt lat="43.065281" lon="-89.395539">
        <ele>259.74</ele>
      </trkpt>
      <trkpt lat="43.065206" lon="-89.395437">
        <ele>259.03</ele>
      </trkpt>
      <trkpt lat="43.065098" lon="-89.395596">
        <ele>259</ele>
      </trkpt>
      <trkpt lat="43.065066" lon="-89.395539">
        <ele>259</ele>
      </trkpt>
      <trkpt lat="43.06506" lon="-89.395496">
        <ele>259</ele>
      </trkpt>
      <trkpt lat="43.065066" lon="-89.395451">
        <ele>259</ele>
      </trkpt>
      <trkpt lat="43.065092" lon="-89.395394">
        <ele>259</ele>
      </trkpt>
      <trkpt lat="43.065169" lon="-89.395286">
        <ele>259</ele>
      </trkpt>
      <trkpt lat="43.06514" lon="-89.395282">
        <ele>259</ele>
      </trkpt>
      <trkpt lat="43.065112" lon="-89.395254">
        <ele>259</ele>
      </trkpt>
      <trkpt lat="43.063612" lon="-89.392516">
        <ele>259</ele>
      </trkpt>
      <trkpt lat="43.063597" lon="-89.392568">
        <ele>258.9</ele>
      </trkpt>
      <trkpt lat="43.063535" lon="-89.392626">
        <ele>258.4</ele>
      </trkpt>
      <trkpt lat="43.063508" lon="-89.392556">
        <ele>258.19</ele>
      </trkpt>
      <trkpt lat="43.063508" lon="-89.392556">
        <ele>258.19</ele>
      </trkpt>
      <trkpt lat="43.063487" lon="-89.392455">
        <ele>258.3</ele>
      </trkpt>
      <trkpt lat="43.063498" lon="-89.392323">
        <ele>259</ele>
      </trkpt>
      <trkpt lat="43.063581" lon="-89.39214">
        <ele>259</ele>
      </trkpt>
      <trkpt lat="43.063837" lon="-89.391795">
        <ele>259</ele>
      </trkpt>
      <trkpt lat="43.063913" lon="-89.391712">
        <ele>259</ele>
      </trkpt>
      <trkpt lat="43.063994" lon="-89.391671">
        <ele>259</ele>
      </trkpt>
      <trkpt lat="43.064024" lon="-89.391667">
        <ele>259</ele>
      </trkpt>
      <trkpt lat="43.064126" lon="-89.391509">
        <ele>259</ele>
      </trkpt>
      <trkpt lat="43.064207" lon="-89.391403">
        <ele>259</ele>
      </trkpt>
      <trkpt lat="43.064219" lon="-89.39137">
        <ele>259</ele>
      </trkpt>
      <trkpt lat="43.064217" lon="-89.391346">
        <ele>259</ele>
      </trkpt>
      <trkpt lat="43.064165" lon="-89.391173">
        <ele>259</ele>
      </trkpt>
      <trkpt lat="43.064091" lon="-89.390795">
        <ele>259</ele>
      </trkpt>
      <trkpt lat="43.064055" lon="-89.390471">
        <ele>259</ele>
      </trkpt>
      <trkpt lat="43.064088" lon="-89.390206">
        <ele>259.8</ele>
      </trkpt>
      <trkpt lat="43.064189" lon="-89.389906">
        <ele>259.61</ele>
      </trkpt>
      <trkpt lat="43.06427" lon="-89.389732">
        <ele>259.91</ele>
      </trkpt>
      <trkpt lat="43.064412" lon="-89.389467">
        <ele>259.33</ele>
      </trkpt>
      <trkpt lat="43.064555" lon="-89.389303">
        <ele>259.2</ele>
      </trkpt>
      <trkpt lat="43.064659" lon="-89.38921">
        <ele>259</ele>
      </trkpt>
      <trkpt lat="43.064819" lon="-89.389101">
        <ele>259</ele>
      </trkpt>
      <trkpt lat="43.065145" lon="-89.388911">
        <ele>259</ele>
      </trkpt>
      <trkpt lat="43.065442" lon="-89.388715">
        <ele>259</ele>
      </trkpt>
      <trkpt lat="43.065537" lon="-89.388662">
        <ele>259</ele>
      </trkpt>
      <trkpt lat="43.065712" lon="-89.388588">
        <ele>259</ele>
      </trkpt>
      <trkpt lat="43.065783" lon="-89.388544">
        <ele>259</ele>
      </trkpt>
      <trkpt lat="43.065905" lon="-89.388439">
        <ele>259</ele>
      </trkpt>
      <trkpt lat="43.065984" lon="-89.388295">
        <ele>258.95</ele>
      </trkpt>
      <trkpt lat="43.066197" lon="-89.38806">
        <ele>259</ele>
      </trkpt>
      <trkpt lat="43.066368" lon="-89.387819">
        <ele>258.99</ele>
      </trkpt>
      <trkpt lat="43.066424" lon="-89.387725">
        <ele>259</ele>
      </trkpt>
      <trkpt lat="43.06663" lon="-89.3873">
        <ele>258.75</ele>
      </trkpt>
      <trkpt lat="43.066687" lon="-89.387127">
        <ele>258.48</ele>
      </trkpt>
      <trkpt lat="43.066781" lon="-89.386746">
        <ele>258.86</ele>
      </trkpt>
      <trkpt lat="43.066807" lon="-89.386615">
        <ele>258.77</ele>
      </trkpt>
      <trkpt lat="43.06681" lon="-89.386479">
        <ele>258.5</ele>
      </trkpt>
      <trkpt lat="43.066791" lon="-89.386335">
        <ele>259.19</ele>
      </trkpt>
      <trkpt lat="43.06675" lon="-89.386141">
        <ele>259.97</ele>
      </trkpt>
      <trkpt lat="43.066753" lon="-89.386092">
        <ele>260</ele>
      </trkpt>
      <trkpt lat="43.0668" lon="-89.386026">
        <ele>260</ele>
      </trkpt>
      <trkpt lat="43.066883" lon="-89.385948">
        <ele>260</ele>
      </trkpt>
      <trkpt lat="43.066846" lon="-89.385673">
        <ele>260</ele>
      </trkpt>
      <trkpt lat="43.066807" lon="-89.385497">
        <ele>259.25</ele>
      </trkpt>
      <trkpt lat="43.066511" lon="-89.385738">
        <ele>259.27</ele>
      </trkpt>
      <trkpt lat="43.065986" lon="-89.385997">
        <ele>259.92</ele>
      </trkpt>
      <trkpt lat="43.065721" lon="-89.386069">
        <ele>259.91</ele>
      </trkpt>
      <trkpt lat="43.065574" lon="-89.386122">
        <ele>259.91</ele>
      </trkpt>
      <trkpt lat="43.065242" lon="-89.386286">
        <ele>259.91</ele>
      </trkpt>
      <trkpt lat="43.064736" lon="-89.386431">
        <ele>259.97</ele>
      </trkpt>
      <trkpt lat="43.064501" lon="-89.386461">
        <ele>259.93</ele>
      </trkpt>
      <trkpt lat="43.064238" lon="-89.386512">
        <ele>259.89</ele>
      </trkpt>
      <trkpt lat="43.063549" lon="-89.386704">
        <ele>259.78</ele>
      </trkpt>
      <trkpt lat="43.063056" lon="-89.386819">
        <ele>259.7</ele>
      </trkpt>
      <trkpt lat="43.062684" lon="-89.386875">
        <ele>259.64</ele>
      </trkpt>
      <trkpt lat="43.062276" lon="-89.38686">
        <ele>259.58</ele>
      </trkpt>
      <trkpt lat="43.061915" lon="-89.386781">
        <ele>259.53</ele>
      </trkpt>
      <trkpt lat="43.061548" lon="-89.386635">
        <ele>259.47</ele>
      </trkpt>
      <trkpt lat="43.061128" lon="-89.386396">
        <ele>259.39</ele>
      </trkpt>
      <trkpt lat="43.060408" lon="-89.38577">
        <ele>259.24</ele>
      </trkpt>
      <trkpt lat="43.060208" lon="-89.385635">
        <ele>259.2</ele>
      </trkpt>
      <trkpt lat="43.059859" lon="-89.385331">
        <ele>258.81</ele>
      </trkpt>
      <trkpt lat="43.059788" lon="-89.385229">
        <ele>258.89</ele>
      </trkpt>
      <trkpt lat="43.059721" lon="-89.385153">
        <ele>258.96</ele>
      </trkpt>
      <trkpt lat="43.058326" lon="-89.383861">
        <ele>260.19</ele>
      </trkpt>
      <trkpt lat="43.058294" lon="-89.383821">
        <ele>260.22</ele>
      </trkpt>
      <trkpt lat="43.058209" lon="-89.383664">
        <ele>260.34</ele>
      </trkpt>
      <trkpt lat="43.058153" lon="-89.383537">
        <ele>260.43</ele>
      </trkpt>
      <trkpt lat="43.058089" lon="-89.383464">
        <ele>260.94</ele>
      </trkpt>
      <trkpt lat="43.05802" lon="-89.383417">
        <ele>261</ele>
      </trkpt>
      <trkpt lat="43.057794" lon="-89.383297">
        <ele>260.87</ele>
      </trkpt>
      <trkpt lat="43.057471" lon="-89.383026">
        <ele>260.94</ele>
      </trkpt>
      <trkpt lat="43.057471" lon="-89.383026">
        <ele>260.94</ele>
      </trkpt>
      <trkpt lat="43.057105" lon="-89.382704">
        <ele>260.24</ele>
      </trkpt>
      <trkpt lat="43.05624" lon="-89.381871">
        <ele>259.71</ele>
      </trkpt>
      <trkpt lat="43.056171" lon="-89.381796">
        <ele>260</ele>
      </trkpt>
      <trkpt lat="43.056125" lon="-89.381682">
        <ele>260</ele>
      </trkpt>
      <trkpt lat="43.056122" lon="-89.381542">
        <ele>259.26</ele>
      </trkpt>
      <trkpt lat="43.056151" lon="-89.38136">
        <ele>259</ele>
      </trkpt>
      <trkpt lat="43.056149" lon="-89.38132">
        <ele>259</ele>
      </trkpt>
      <trkpt lat="43.056114" lon="-89.381254">
        <ele>259</ele>
      </trkpt>
      <trkpt lat="43.055974" lon="-89.381156">
        <ele>259</ele>
      </trkpt>
      <trkpt lat="43.055959" lon="-89.38104">
        <ele>259</ele>
      </trkpt>
      <trkpt lat="43.055896" lon="-89.38086">
        <ele>259</ele>
      </trkpt>
      <trkpt lat="43.055785" lon="-89.380758">
        <ele>259</ele>
      </trkpt>
      <trkpt lat="43.055734" lon="-89.380718">
        <ele>259</ele>
      </trkpt>
      <trkpt lat="43.055629" lon="-89.380683">
        <ele>259</ele>
      </trkpt>
      <trkpt lat="43.055371" lon="-89.380693">
        <ele>259</ele>
      </trkpt>
      <trkpt lat="43.055274" lon="-89.380687">
        <ele>259.24</ele>
      </trkpt>
      <trkpt lat="43.055207" lon="-89.380668">
        <ele>259.71</ele>
      </trkpt>
      <trkpt lat="43.055155" lon="-89.380638">
        <ele>260</ele>
      </trkpt>
      <trkpt lat="43.054625" lon="-89.380094">
        <ele>259.92</ele>
      </trkpt>
      <trkpt lat="43.054303" lon="-89.379665">
        <ele>260</ele>
      </trkpt>
      <trkpt lat="43.053887" lon="-89.379129">
        <ele>260</ele>
      </trkpt>
      <trkpt lat="43.052545" lon="-89.377859">
        <ele>259</ele>
      </trkpt>
      <trkpt lat="43.052449" lon="-89.377781">
        <ele>259</ele>
      </trkpt>
      <trkpt lat="43.052348" lon="-89.377717">
        <ele>259</ele>
      </trkpt>
      <trkpt lat="43.052233" lon="-89.377667">
        <ele>259</ele>
      </trkpt>
      <trkpt lat="43.051872" lon="-89.377546">
        <ele>259.39</ele>
      </trkpt>
      <trkpt lat="43.05179" lon="-89.377498">
        <ele>260</ele>
      </trkpt>
      <trkpt lat="43.051759" lon="-89.377576">
        <ele>259.8</ele>
      </trkpt>
      <trkpt lat="43.051719" lon="-89.377625">
        <ele>259.52</ele>
      </trkpt>
      <trkpt lat="43.051655" lon="-89.377678">
        <ele>259.21</ele>
      </trkpt>
      <trkpt lat="43.051598" lon="-89.377699">
        <ele>259.08</ele>
      </trkpt>
      <trkpt lat="43.051296" lon="-89.37771">
        <ele>260</ele>
      </trkpt>
      <trkpt lat="43.051188" lon="-89.377691">
        <ele>260</ele>
      </trkpt>
      <trkpt lat="43.051059" lon="-89.37765">
        <ele>260</ele>
      </trkpt>
      <trkpt lat="43.050374" lon="-89.377322">
        <ele>259.5</ele>
      </trkpt>
      <trkpt lat="43.050374" lon="-89.377322">
        <ele>259.5</ele>
      </trkpt>
      <trkpt lat="43.050266" lon="-89.37727">
        <ele>259.42</ele>
      </trkpt>
      <trkpt lat="43.049867" lon="-89.377049">
        <ele>260</ele>
      </trkpt>
      <trkpt lat="43.049608" lon="-89.376875">
        <ele>259.49</ele>
      </trkpt>
      <trkpt lat="43.048577" lon="-89.376136">
        <ele>260</ele>
      </trkpt>
      <trkpt lat="43.048288" lon="-89.375899">
        <ele>260</ele>
      </trkpt>
      <trkpt lat="43.047874" lon="-89.375488">
        <ele>260</ele>
      </trkpt>
      <trkpt lat="43.047733" lon="-89.375323">
        <ele>260</ele>
      </trkpt>
      <trkpt lat="43.047526" lon="-89.374948">
        <ele>260</ele>
      </trkpt>
      <trkpt lat="43.047305" lon="-89.37464">
        <ele>259.36</ele>
      </trkpt>
      <trkpt lat="43.047163" lon="-89.374403">
        <ele>259.35</ele>
      </trkpt>
      <trkpt lat="43.047087" lon="-89.374247">
        <ele>260</ele>
      </trkpt>
      <trkpt lat="43.047037" lon="-89.37421">
        <ele>260</ele>
      </trkpt>
      <trkpt lat="43.046961" lon="-89.374197">
        <ele>260</ele>
      </trkpt>
      <trkpt lat="43.046883" lon="-89.374112">
        <ele>260</ele>
      </trkpt>
      <trkpt lat="43.046819" lon="-89.374015">
        <ele>260</ele>
      </trkpt>
      <trkpt lat="43.046751" lon="-89.373898">
        <ele>260</ele>
      </trkpt>
      <trkpt lat="43.046637" lon="-89.373546">
        <ele>260</ele>
      </trkpt>
      <trkpt lat="43.046476" lon="-89.373256">
        <ele>260</ele>
      </trkpt>
      <trkpt lat="43.046343" lon="-89.373082">
        <ele>260</ele>
      </trkpt>
      <trkpt lat="43.046061" lon="-89.372786">
        <ele>260</ele>
      </trkpt>
      <trkpt lat="43.045727" lon="-89.372227">
        <ele>259.37</ele>
      </trkpt>
      <trkpt lat="43.045643" lon="-89.372119">
        <ele>259.97</ele>
      </trkpt>
      <trkpt lat="43.04549" lon="-89.371896">
        <ele>260</ele>
      </trkpt>
      <trkpt lat="43.045086" lon="-89.371217">
        <ele>260</ele>
      </trkpt>
      <trkpt lat="43.044581" lon="-89.370273">
        <ele>260.16</ele>
      </trkpt>
      <trkpt lat="43.044506" lon="-89.370103">
        <ele>260</ele>
      </trkpt>
      <trkpt lat="43.044465" lon="-89.369949">
        <ele>260.1</ele>
      </trkpt>
      <trkpt lat="43.044266" lon="-89.368997">
        <ele>260.06</ele>
      </trkpt>
      <trkpt lat="43.044185" lon="-89.368548">
        <ele>260.44</ele>
      </trkpt>
      <trkpt lat="43.044134" lon="-89.368211">
        <ele>260.96</ele>
      </trkpt>
      <trkpt lat="43.044074" lon="-89.367634">
        <ele>260.44</ele>
      </trkpt>
      <trkpt lat="43.044053" lon="-89.367349">
        <ele>260.61</ele>
      </trkpt>
      <trkpt lat="43.044061" lon="-89.367239">
        <ele>260.55</ele>
      </trkpt>
      <trkpt lat="43.044074" lon="-89.367189">
        <ele>260.45</ele>
      </trkpt>
      <trkpt lat="43.044093" lon="-89.36715">
        <ele>260.29</ele>
      </trkpt>
      <trkpt lat="43.044131" lon="-89.3671">
        <ele>260</ele>
      </trkpt>
      <trkpt lat="43.044299" lon="-89.366976">
        <ele>260</ele>
      </trkpt>
      <trkpt lat="43.04441" lon="-89.366843">
        <ele>260</ele>
      </trkpt>
      <trkpt lat="43.044524" lon="-89.366399">
        <ele>260</ele>
      </trkpt>
      <trkpt lat="43.044686" lon="-89.365882">
        <ele>260.91</ele>
      </trkpt>
      <trkpt lat="43.044848" lon="-89.36544">
        <ele>262.36</ele>
      </trkpt>
      <trkpt lat="43.045041" lon="-89.365061">
        <ele>263.56</ele>
      </trkpt>
      <trkpt lat="43.045313" lon="-89.364724">
        <ele>264.31</ele>
      </trkpt>
      <trkpt lat="43.045468" lon="-89.364557">
        <ele>264.35</ele>
      </trkpt>
      <trkpt lat="43.045729" lon="-89.364297">
        <ele>264.28</ele>
      </trkpt>
      <trkpt lat="43.045859" lon="-89.36415">
        <ele>264.1</ele>
      </trkpt>
      <trkpt lat="43.046276" lon="-89.363633">
        <ele>263.79</ele>
      </trkpt>
      <trkpt lat="43.046464" lon="-89.363324">
        <ele>264.29</ele>
      </trkpt>
      <trkpt lat="43.046507" lon="-89.363241">
        <ele>264.23</ele>
      </trkpt>
      <trkpt lat="43.046683" lon="-89.362684">
        <ele>265.26</ele>
      </trkpt>
      <trkpt lat="43.046815" lon="-89.362212">
        <ele>266.77</ele>
      </trkpt>
      <trkpt lat="43.046944" lon="-89.361551">
        <ele>267.99</ele>
      </trkpt>
      <trkpt lat="43.046984" lon="-89.36139">
        <ele>268.27</ele>
      </trkpt>
      <trkpt lat="43.047045" lon="-89.360957">
        <ele>267.81</ele>
      </trkpt>
      <trkpt lat="43.047048" lon="-89.360689">
        <ele>267.79</ele>
      </trkpt>
      <trkpt lat="43.04703" lon="-89.360372">
        <ele>266.94</ele>
      </trkpt>
      <trkpt lat="43.04697" lon="-89.360017">
        <ele>266.47</ele>
      </trkpt>
      <trkpt lat="43.046736" lon="-89.359076">
        <ele>265.44</ele>
      </trkpt>
      <trkpt lat="43.0467" lon="-89.358872">
        <ele>265.01</ele>
      </trkpt>
      <trkpt lat="43.046692" lon="-89.358756">
        <ele>264.4</ele>
      </trkpt>
      <trkpt lat="43.046709" lon="-89.358523">
        <ele>263.2</ele>
      </trkpt>
      <trkpt lat="43.046752" lon="-89.358324">
        <ele>262.37</ele>
      </trkpt>
      <trkpt lat="43.046803" lon="-89.358131">
        <ele>261.6</ele>
      </trkpt>
      <trkpt lat="43.046803" lon="-89.358131">
        <ele>261.6</ele>
      </trkpt>
      <trkpt lat="43.047073" lon="-89.357216">
        <ele>260</ele>
      </trkpt>
      <trkpt lat="43.047224" lon="-89.356833">
        <ele>260.4</ele>
      </trkpt>
      <trkpt lat="43.047245" lon="-89.356376">
        <ele>261</ele>
      </trkpt>
      <trkpt lat="43.047249" lon="-89.355835">
        <ele>262.2</ele>
      </trkpt>
      <trkpt lat="43.047229" lon="-89.35452">
        <ele>265.29</ele>
      </trkpt>
      <trkpt lat="43.047233" lon="-89.353953">
        <ele>267</ele>
      </trkpt>
      <trkpt lat="43.047244" lon="-89.352627">
        <ele>267</ele>
      </trkpt>
      <trkpt lat="43.047234" lon="-89.352344">
        <ele>267</ele>
      </trkpt>
      <trkpt lat="43.047215" lon="-89.352185">
        <ele>267</ele>
      </trkpt>
      <trkpt lat="43.047172" lon="-89.352125">
        <ele>267</ele>
      </trkpt>
      <trkpt lat="43.047101" lon="-89.352058">
        <ele>266.94</ele>
      </trkpt>
      <trkpt lat="43.047107" lon="-89.352024">
        <ele>266.89</ele>
      </trkpt>
      <trkpt lat="43.047121" lon="-89.351976">
        <ele>266.87</ele>
      </trkpt>
      <trkpt lat="43.047132" lon="-89.351917">
        <ele>266.88</ele>
      </trkpt>
      <trkpt lat="43.047169" lon="-89.351822">
        <ele>267</ele>
      </trkpt>
      <trkpt lat="43.047163" lon="-89.351792">
        <ele>267</ele>
      </trkpt>
      <trkpt lat="43.047262" lon="-89.35129">
        <ele>266</ele>
      </trkpt>
      <trkpt lat="43.047277" lon="-89.35127">
        <ele>266</ele>
      </trkpt>
      <trkpt lat="43.047298" lon="-89.351262">
        <ele>266</ele>
      </trkpt>
      <trkpt lat="43.047301" lon="-89.351046">
        <ele>266</ele>
      </trkpt>
      <trkpt lat="43.047319" lon="-89.350942">
        <ele>266</ele>
      </trkpt>
      <trkpt lat="43.047335" lon="-89.350735">
        <ele>266</ele>
      </trkpt>
      <trkpt lat="43.047335" lon="-89.350609">
        <ele>266</ele>
      </trkpt>
      <trkpt lat="43.047325" lon="-89.350506">
        <ele>265.89</ele>
      </trkpt>
      <trkpt lat="43.047335" lon="-89.349653">
        <ele>265</ele>
      </trkpt>
      <trkpt lat="43.047323" lon="-89.348973">
        <ele>265</ele>
      </trkpt>
      <trkpt lat="43.047321" lon="-89.34766">
        <ele>264.39</ele>
      </trkpt>
      <trkpt lat="43.047341" lon="-89.347577">
        <ele>264.43</ele>
      </trkpt>
      <trkpt lat="43.047373" lon="-89.347528">
        <ele>264.4</ele>
      </trkpt>
      <trkpt lat="43.047373" lon="-89.347328">
        <ele>264.53</ele>
      </trkpt>
      <trkpt lat="43.047359" lon="-89.34728">
        <ele>264.65</ele>
      </trkpt>
      <trkpt lat="43.047335" lon="-89.346629">
        <ele>264.63</ele>
      </trkpt>
      <trkpt lat="43.047298" lon="-89.346359">
        <ele>264.21</ele>
      </trkpt>
      <trkpt lat="43.047254" lon="-89.342957">
        <ele>263.15</ele>
      </trkpt>
      <trkpt lat="43.047263" lon="-89.342648">
        <ele>263.07</ele>
      </trkpt>
      <trkpt lat="43.047231" lon="-89.341032">
        <ele>262.24</ele>
      </trkpt>
      <trkpt lat="43.047224" lon="-89.340099">
        <ele>262</ele>
      </trkpt>
      <trkpt lat="43.047242" lon="-89.34003">
        <ele>262</ele>
      </trkpt>
      <trkpt lat="43.047293" lon="-89.339957">
        <ele>262.08</ele>
      </trkpt>
      <trkpt lat="43.047357" lon="-89.339909">
        <ele>262.14</ele>
      </trkpt>
      <trkpt lat="43.047453" lon="-89.33987">
        <ele>262</ele>
      </trkpt>
      <trkpt lat="43.047793" lon="-89.339795">
        <ele>262.54</ele>
      </trkpt>
      <trkpt lat="43.047903" lon="-89.33975">
        <ele>262.29</ele>
      </trkpt>
      <trkpt lat="43.048028" lon="-89.339645">
        <ele>262.67</ele>
      </trkpt>
      <trkpt lat="43.048126" lon="-89.339538">
        <ele>262.8</ele>
      </trkpt>
      <trkpt lat="43.048166" lon="-89.339527">
        <ele>262.87</ele>
      </trkpt>
      <trkpt lat="43.04816" lon="-89.339514">
        <ele>262.85</ele>
      </trkpt>
      <trkpt lat="43.048205" lon="-89.33944">
        <ele>262.27</ele>
      </trkpt>
      <trkpt lat="43.048272" lon="-89.339374">
        <ele>262</ele>
      </trkpt>
      <trkpt lat="43.048735" lon="-89.338793">
        <ele>261.71</ele>
      </trkpt>
      <trkpt lat="43.04943" lon="-89.338031">
        <ele>260.29</ele>
      </trkpt>
      <trkpt lat="43.049508" lon="-89.337937">
        <ele>260</ele>
      </trkpt>
      <trkpt lat="43.049614" lon="-89.337719">
        <ele>260</ele>
      </trkpt>
      <trkpt lat="43.049688" lon="-89.337477">
        <ele>260</ele>
      </trkpt>
      <trkpt lat="43.049787" lon="-89.337134">
        <ele>260.03</ele>
      </trkpt>
      <trkpt lat="43.049947" lon="-89.336689">
        <ele>260.93</ele>
      </trkpt>
      <trkpt lat="43.050095" lon="-89.336335">
        <ele>261</ele>
      </trkpt>
      <trkpt lat="43.05015" lon="-89.336173">
        <ele>261</ele>
      </trkpt>
      <trkpt lat="43.050197" lon="-89.336034">
        <ele>261.51</ele>
      </trkpt>
      <trkpt lat="43.050228" lon="-89.336035">
        <ele>261.67</ele>
      </trkpt>
      <trkpt lat="43.050243" lon="-89.336066">
        <ele>261.69</ele>
      </trkpt>
      <trkpt lat="43.05045" lon="-89.33621">
        <ele>261.5</ele>
      </trkpt>
      <trkpt lat="43.051537" lon="-89.336655">
        <ele>259.72</ele>
      </trkpt>
      <trkpt lat="43.05174" lon="-89.336717">
        <ele>259.16</ele>
      </trkpt>
      <trkpt lat="43.052093" lon="-89.336789">
        <ele>259</ele>
      </trkpt>
      <trkpt lat="43.052406" lon="-89.336818">
        <ele>259</ele>
      </trkpt>
      <trkpt lat="43.052523" lon="-89.33683">
        <ele>259</ele>
      </trkpt>
      <trkpt lat="43.052557" lon="-89.336814">
        <ele>259</ele>
      </trkpt>
      <trkpt lat="43.053578" lon="-89.336804">
        <ele>259.15</ele>
      </trkpt>
      <trkpt lat="43.05362" lon="-89.336779">
        <ele>259.51</ele>
      </trkpt>
      <trkpt lat="43.053735" lon="-89.336761">
        <ele>260</ele>
      </trkpt>
      <trkpt lat="43.053779" lon="-89.336808">
        <ele>259.96</ele>
      </trkpt>
      <trkpt lat="43.053819" lon="-89.33681">
        <ele>260</ele>
      </trkpt>
      <trkpt lat="43.05395" lon="-89.336799">
        <ele>260.13</ele>
      </trkpt>
      <trkpt lat="43.0543" lon="-89.336758">
        <ele>261</ele>
      </trkpt>
      <trkpt lat="43.054349" lon="-89.336732">
        <ele>261.3</ele>
      </trkpt>
      <trkpt lat="43.054584" lon="-89.336692">
        <ele>262.09</ele>
      </trkpt>
      <trkpt lat="43.05464" lon="-89.336667">
        <ele>262.4</ele>
      </trkpt>
      <trkpt lat="43.05482" lon="-89.336633">
        <ele>263</ele>
      </trkpt>
      <trkpt lat="43.054871" lon="-89.336634">
        <ele>263</ele>
      </trkpt>
      <trkpt lat="43.055092" lon="-89.33659">
        <ele>263.1</ele>
      </trkpt>
      <trkpt lat="43.055204" lon="-89.33659">
        <ele>263.19</ele>
      </trkpt>
      <trkpt lat="43.055224" lon="-89.336565">
        <ele>263.44</ele>
      </trkpt>
      <trkpt lat="43.055245" lon="-89.336576">
        <ele>263.54</ele>
      </trkpt>
      <trkpt lat="43.055423" lon="-89.33656">
        <ele>264.23</ele>
      </trkpt>
      <trkpt lat="43.055556" lon="-89.33656">
        <ele>264.27</ele>
      </trkpt>
      <trkpt lat="43.055764" lon="-89.336573">
        <ele>264.19</ele>
      </trkpt>
      <trkpt lat="43.055939" lon="-89.3366">
        <ele>264.04</ele>
      </trkpt>
      <trkpt lat="43.0561" lon="-89.336638">
        <ele>264</ele>
      </trkpt>
      <trkpt lat="43.056221" lon="-89.336678">
        <ele>264</ele>
      </trkpt>
      <trkpt lat="43.056263" lon="-89.336697">
        <ele>264</ele>
      </trkpt>
      <trkpt lat="43.056488" lon="-89.336139">
        <ele>265.81</ele>
      </trkpt>
      <trkpt lat="43.056667" lon="-89.33575">
        <ele>266.98</ele>
      </trkpt>
      <trkpt lat="43.056807" lon="-89.335468">
        <ele>267</ele>
      </trkpt>
      <trkpt lat="43.056862" lon="-89.335374">
        <ele>267</ele>
      </trkpt>
      <trkpt lat="43.056995" lon="-89.335196">
        <ele>267</ele>
      </trkpt>
      <trkpt lat="43.057704" lon="-89.334541">
        <ele>268.01</ele>
      </trkpt>
      <trkpt lat="43.057897" lon="-89.334344">
        <ele>268.61</ele>
      </trkpt>
      <trkpt lat="43.058469" lon="-89.333819">
        <ele>267.19</ele>
      </trkpt>
      <trkpt lat="43.058531" lon="-89.333751">
        <ele>267.25</ele>
      </trkpt>
      <trkpt lat="43.058617" lon="-89.333705">
        <ele>266.77</ele>
      </trkpt>
      <trkpt lat="43.059683" lon="-89.333643">
        <ele>263</ele>
      </trkpt>
      <trkpt lat="43.060817" lon="-89.333583">
        <ele>263</ele>
      </trkpt>
      <trkpt lat="43.062379" lon="-89.333506">
        <ele>266.98</ele>
      </trkpt>
      <trkpt lat="43.064075" lon="-89.33348">
        <ele>266.43</ele>
      </trkpt>
      <trkpt lat="43.065721" lon="-89.333485">
        <ele>263</ele>
      </trkpt>
      <trkpt lat="43.066458" lon="-89.333467">
        <ele>263</ele>
      </trkpt>
      <trkpt lat="43.067486" lon="-89.333462">
        <ele>264</ele>
      </trkpt>
      <trkpt lat="43.067779" lon="-89.333455">
        <ele>263</ele>
      </trkpt>
      <trkpt lat="43.068252" lon="-89.333465">
        <ele>262</ele>
      </trkpt>
      <trkpt lat="43.069338" lon="-89.333458">
        <ele>261</ele>
      </trkpt>
      <trkpt lat="43.069635" lon="-89.333433">
        <ele>260.57</ele>
      </trkpt>
      <trkpt lat="43.070146" lon="-89.333297">
        <ele>260</ele>
      </trkpt>
      <trkpt lat="43.070542" lon="-89.333132">
        <ele>260</ele>
      </trkpt>
      <trkpt lat="43.070792" lon="-89.33296">
        <ele>260</ele>
      </trkpt>
      <trkpt lat="43.070994" lon="-89.332782">
        <ele>260</ele>
      </trkpt>
      <trkpt lat="43.071102" lon="-89.332666">
        <ele>259.94</ele>
      </trkpt>
      <trkpt lat="43.071442" lon="-89.33223">
        <ele>259.37</ele>
      </trkpt>
      <trkpt lat="43.071617" lon="-89.331914">
        <ele>259</ele>
      </trkpt>
      <trkpt lat="43.072235" lon="-89.330926">
        <ele>260</ele>
      </trkpt>
      <trkpt lat="43.07242" lon="-89.330661">
        <ele>260</ele>
      </trkpt>
      <trkpt lat="43.072955" lon="-89.329975">
        <ele>260.83</ele>
      </trkpt>
      <trkpt lat="43.073238" lon="-89.329649">
        <ele>261.45</ele>
      </trkpt>
      <trkpt lat="43.073914" lon="-89.328972">
        <ele>263.39</ele>
      </trkpt>
      <trkpt lat="43.074178" lon="-89.32869">
        <ele>264.03</ele>
      </trkpt>
      <trkpt lat="43.074315" lon="-89.328563">
        <ele>264.61</ele>
      </trkpt>
      <trkpt lat="43.074641" lon="-89.328226">
        <ele>264</ele>
      </trkpt>
      <trkpt lat="43.074838" lon="-89.328066">
        <ele>263.88</ele>
      </trkpt>
      <trkpt lat="43.074957" lon="-89.327995">
        <ele>264.07</ele>
      </trkpt>
      <trkpt lat="43.075243" lon="-89.32787">
        <ele>264</ele>
      </trkpt>
      <trkpt lat="43.075459" lon="-89.327808">
        <ele>264.15</ele>
      </trkpt>
      <trkpt lat="43.075689" lon="-89.327784">
        <ele>264.29</ele>
      </trkpt>
      <trkpt lat="43.075787" lon="-89.327732">
        <ele>264.6</ele>
      </trkpt>
      <trkpt lat="43.075818" lon="-89.327693">
        <ele>264.82</ele>
      </trkpt>
      <trkpt lat="43.075829" lon="-89.327394">
        <ele>265.14</ele>
      </trkpt>
      <trkpt lat="43.075844" lon="-89.326153">
        <ele>266.71</ele>
      </trkpt>
      <trkpt lat="43.07595" lon="-89.32616">
        <ele>266.21</ele>
      </trkpt>
      <trkpt lat="43.076224" lon="-89.326121">
        <ele>266</ele>
      </trkpt>
      <trkpt lat="43.076498" lon="-89.326022">
        <ele>265</ele>
      </trkpt>
      <trkpt lat="43.076892" lon="-89.325851">
        <ele>263.63</ele>
      </trkpt>
      <trkpt lat="43.077375" lon="-89.325547">
        <ele>261.61</ele>
      </trkpt>
      <trkpt lat="43.078665" lon="-89.324761">
        <ele>259.85</ele>
      </trkpt>
      <trkpt lat="43.079483" lon="-89.324246">
        <ele>261.56</ele>
      </trkpt>
      <trkpt lat="43.079726" lon="-89.324153">
        <ele>262.04</ele>
      </trkpt>
      <trkpt lat="43.079983" lon="-89.324084">
        <ele>261.19</ele>
      </trkpt>
      <trkpt lat="43.08014" lon="-89.324057">
        <ele>261.58</ele>
      </trkpt>
      <trkpt lat="43.080308" lon="-89.324044">
        <ele>262</ele>
      </trkpt>
      <trkpt lat="43.080744" lon="-89.324085">
        <ele>263</ele>
      </trkpt>
      <trkpt lat="43.081049" lon="-89.324134">
        <ele>263.39</ele>
      </trkpt>
      <trkpt lat="43.081263" lon="-89.324192">
        <ele>263.82</ele>
      </trkpt>
      <trkpt lat="43.08247" lon="-89.324641">
        <ele>264.39</ele>
      </trkpt>
      <trkpt lat="43.082915" lon="-89.324811">
        <ele>263.42</ele>
      </trkpt>
      <trkpt lat="43.083666" lon="-89.325163">
        <ele>263.18</ele>
      </trkpt>
      <trkpt lat="43.083776" lon="-89.325215">
        <ele>263</ele>
      </trkpt>
      <trkpt lat="43.083835" lon="-89.325298">
        <ele>263</ele>
      </trkpt>
      <trkpt lat="43.083887" lon="-89.325286">
        <ele>263.07</ele>
      </trkpt>
      <trkpt lat="43.083966" lon="-89.325286">
        <ele>263.18</ele>
      </trkpt>
      <trkpt lat="43.084672" lon="-89.325565">
        <ele>263.8</ele>
      </trkpt>
      <trkpt lat="43.084868" lon="-89.325622">
        <ele>264</ele>
      </trkpt>
      <trkpt lat="43.08528" lon="-89.325795">
        <ele>264</ele>
      </trkpt>
      <trkpt lat="43.085514" lon="-89.325878">
        <ele>263.87</ele>
      </trkpt>
      <trkpt lat="43.08603" lon="-89.326111">
        <ele>263</ele>
      </trkpt>
      <trkpt lat="43.08612" lon="-89.326158">
        <ele>263</ele>
      </trkpt>
      <trkpt lat="43.086242" lon="-89.326243">
        <ele>263</ele>
      </trkpt>
      <trkpt lat="43.0866" lon="-89.326538">
        <ele>262</ele>
      </trkpt>
      <trkpt lat="43.086835" lon="-89.326755">
        <ele>262</ele>
      </trkpt>
      <trkpt lat="43.08692" lon="-89.326851">
        <ele>262.13</ele>
      </trkpt>
      <trkpt lat="43.087407" lon="-89.327327">
        <ele>261.56</ele>
      </trkpt>
      <trkpt lat="43.087947" lon="-89.327833">
        <ele>261</ele>
      </trkpt>
      <trkpt lat="43.088311" lon="-89.328188">
        <ele>260</ele>
      </trkpt>
      <trkpt lat="43.088537" lon="-89.328422">
        <ele>260</ele>
      </trkpt>
      <trkpt lat="43.088852" lon="-89.328789">
        <ele>259.95</ele>
      </trkpt>
      <trkpt lat="43.089106" lon="-89.329176">
        <ele>259.05</ele>
      </trkpt>
      <trkpt lat="43.089401" lon="-89.329745">
        <ele>259.92</ele>
      </trkpt>
      <trkpt lat="43.089546" lon="-89.330057">
        <ele>260</ele>
      </trkpt>
      <trkpt lat="43.089825" lon="-89.330783">
        <ele>260</ele>
      </trkpt>
      <trkpt lat="43.090075" lon="-89.331483">
        <ele>260</ele>
      </trkpt>
      <trkpt lat="43.090485" lon="-89.332696">
        <ele>259.13</ele>
      </trkpt>
      <trkpt lat="43.090485" lon="-89.332696">
        <ele>259.13</ele>
      </trkpt>
      <trkpt lat="43.090772" lon="-89.333605">
        <ele>260</ele>
      </trkpt>
      <trkpt lat="43.090908" lon="-89.334058">
        <ele>258.46</ele>
      </trkpt>
      <trkpt lat="43.090999" lon="-89.334307">
        <ele>258.64</ele>
      </trkpt>
      <trkpt lat="43.091319" lon="-89.335203">
        <ele>259.63</ele>
      </trkpt>
      <trkpt lat="43.091519" lon="-89.335783">
        <ele>259</ele>
      </trkpt>
      <trkpt lat="43.091477" lon="-89.335922">
        <ele>259.02</ele>
      </trkpt>
      <trkpt lat="43.091393" lon="-89.336357">
        <ele>259.62</ele>
      </trkpt>
      <trkpt lat="43.091343" lon="-89.336435">
        <ele>259.75</ele>
      </trkpt>
      <trkpt lat="43.091129" lon="-89.336512">
        <ele>259</ele>
      </trkpt>
      <trkpt lat="43.090974" lon="-89.33659">
        <ele>259</ele>
      </trkpt>
      <trkpt lat="43.090866" lon="-89.336695">
        <ele>259</ele>
      </trkpt>
      <trkpt lat="43.090781" lon="-89.336832">
        <ele>259</ele>
      </trkpt>
      <trkpt lat="43.090715" lon="-89.337017">
        <ele>259</ele>
      </trkpt>
      <trkpt lat="43.090666" lon="-89.337265">
        <ele>259</ele>
      </trkpt>
      <trkpt lat="43.090637" lon="-89.337249">
        <ele>259</ele>
      </trkpt>
      <trkpt lat="43.090637" lon="-89.337249">
        <ele>259</ele>
      </trkpt>
      <trkpt lat="43.090666" lon="-89.337265">
        <ele>259</ele>
      </trkpt>
      <trkpt lat="43.090672" lon="-89.337495">
        <ele>259</ele>
      </trkpt>
      <trkpt lat="43.090699" lon="-89.337725">
        <ele>259</ele>
      </trkpt>
      <trkpt lat="43.090839" lon="-89.33813">
        <ele>261.71</ele>
      </trkpt>
      <trkpt lat="43.09084" lon="-89.338216">
        <ele>262.63</ele>
      </trkpt>
      <trkpt lat="43.090812" lon="-89.338305">
        <ele>263.32</ele>
      </trkpt>
      <trkpt lat="43.090676" lon="-89.338495">
        <ele>264.95</ele>
      </trkpt>
      <trkpt lat="43.090636" lon="-89.338601">
        <ele>265.6</ele>
      </trkpt>
      <trkpt lat="43.090621" lon="-89.338708">
        <ele>266.22</ele>
      </trkpt>
      <trkpt lat="43.090575" lon="-89.338709">
        <ele>265.57</ele>
      </trkpt>
      <trkpt lat="43.090533" lon="-89.338839">
        <ele>266.26</ele>
      </trkpt>
      <trkpt lat="43.090396" lon="-89.339488">
        <ele>267.96</ele>
      </trkpt>
      <trkpt lat="43.090395" lon="-89.339526">
        <ele>268.18</ele>
      </trkpt>
      <trkpt lat="43.090406" lon="-89.339564">
        <ele>268.29</ele>
      </trkpt>
      <trkpt lat="43.090474" lon="-89.339734">
        <ele>268.83</ele>
      </trkpt>
      <trkpt lat="43.090501" lon="-89.339831">
        <ele>269.04</ele>
      </trkpt>
      <trkpt lat="43.090535" lon="-89.340034">
        <ele>269.31</ele>
      </trkpt>
      <trkpt lat="43.090537" lon="-89.340138">
        <ele>269.33</ele>
      </trkpt>
      <trkpt lat="43.090526" lon="-89.34028">
        <ele>269.24</ele>
      </trkpt>
      <trkpt lat="43.09051" lon="-89.340375">
        <ele>269.11</ele>
      </trkpt>
      <trkpt lat="43.090473" lon="-89.340491">
        <ele>268.93</ele>
      </trkpt>
      <trkpt lat="43.090427" lon="-89.340603">
        <ele>268.98</ele>
      </trkpt>
      <trkpt lat="43.090372" lon="-89.340709">
        <ele>268.17</ele>
      </trkpt>
      <trkpt lat="43.090224" lon="-89.340865">
        <ele>267.84</ele>
      </trkpt>
      <trkpt lat="43.090147" lon="-89.340919">
        <ele>267.22</ele>
      </trkpt>
      <trkpt lat="43.090063" lon="-89.340961">
        <ele>266.55</ele>
      </trkpt>
      <trkpt lat="43.090031" lon="-89.341003">
        <ele>266.3</ele>
      </trkpt>
      <trkpt lat="43.089986" lon="-89.341121">
        <ele>265.85</ele>
      </trkpt>
      <trkpt lat="43.089938" lon="-89.341327">
        <ele>265.31</ele>
      </trkpt>
      <trkpt lat="43.08995" lon="-89.342278">
        <ele>265.65</ele>
      </trkpt>
      <trkpt lat="43.08998" lon="-89.342277">
        <ele>265.71</ele>
      </trkpt>
      <trkpt lat="43.08998" lon="-89.342277">
        <ele>265.71</ele>
      </trkpt>
      <trkpt lat="43.08995" lon="-89.342278">
        <ele>265.65</ele>
      </trkpt>
      <trkpt lat="43.089964" lon="-89.343673">
        <ele>260.78</ele>
      </trkpt>
      <trkpt lat="43.089972" lon="-89.344362">
        <ele>261.82</ele>
      </trkpt>
      <trkpt lat="43.090002" lon="-89.344563">
        <ele>262.07</ele>
      </trkpt>
      <trkpt lat="43.090025" lon="-89.34465">
        <ele>262.25</ele>
      </trkpt>
      <trkpt lat="43.090088" lon="-89.344807">
        <ele>262.75</ele>
      </trkpt>
      <trkpt lat="43.09017" lon="-89.344932">
        <ele>263.65</ele>
      </trkpt>
      <trkpt lat="43.090287" lon="-89.345064">
        <ele>264.79</ele>
      </trkpt>
      <trkpt lat="43.090401" lon="-89.345216">
        <ele>266.29</ele>
      </trkpt>
      <trkpt lat="43.090317" lon="-89.34528">
        <ele>266.01</ele>
      </trkpt>
      <trkpt lat="43.090213" lon="-89.345388">
        <ele>265.75</ele>
      </trkpt>
      <trkpt lat="43.090149" lon="-89.345488">
        <ele>265.24</ele>
      </trkpt>
      <trkpt lat="43.090067" lon="-89.345659">
        <ele>264.59</ele>
      </trkpt>
      <trkpt lat="43.090015" lon="-89.345841">
        <ele>264.74</ele>
      </trkpt>
      <trkpt lat="43.089997" lon="-89.34597">
        <ele>265.01</ele>
      </trkpt>
      <trkpt lat="43.089955" lon="-89.345966">
        <ele>264.82</ele>
      </trkpt>
      <trkpt lat="43.089853" lon="-89.346599">
        <ele>265</ele>
      </trkpt>
      <trkpt lat="43.089835" lon="-89.346638">
        <ele>265</ele>
      </trkpt>
      <trkpt lat="43.089805" lon="-89.346798">
        <ele>265.13</ele>
      </trkpt>
      <trkpt lat="43.089694" lon="-89.347359">
        <ele>265</ele>
      </trkpt>
      <trkpt lat="43.089652" lon="-89.348181">
        <ele>263.7</ele>
      </trkpt>
      <trkpt lat="43.089631" lon="-89.348593">
        <ele>261.43</ele>
      </trkpt>
      <trkpt lat="43.089197" lon="-89.34855">
        <ele>260</ele>
      </trkpt>
      <trkpt lat="43.089161" lon="-89.348565">
        <ele>260</ele>
      </trkpt>
      <trkpt lat="43.089124" lon="-89.348596">
        <ele>260</ele>
      </trkpt>
      <trkpt lat="43.088999" lon="-89.348652">
        <ele>259.12</ele>
      </trkpt>
      <trkpt lat="43.088967" lon="-89.348683">
        <ele>259.01</ele>
      </trkpt>
      <trkpt lat="43.088945" lon="-89.34872">
        <ele>258.93</ele>
      </trkpt>
      <trkpt lat="43.088879" lon="-89.348957">
        <ele>258.95</ele>
      </trkpt>
      <trkpt lat="43.088879" lon="-89.348957">
        <ele>258.95</ele>
      </trkpt>
      <trkpt lat="43.088763" lon="-89.349316">
        <ele>259.1</ele>
      </trkpt>
      <trkpt lat="43.088705" lon="-89.349621">
        <ele>258.92</ele>
      </trkpt>
      <trkpt lat="43.08861" lon="-89.349944">
        <ele>258.99</ele>
      </trkpt>
      <trkpt lat="43.088554" lon="-89.350063">
        <ele>259.13</ele>
      </trkpt>
      <trkpt lat="43.088368" lon="-89.350351">
        <ele>258.97</ele>
      </trkpt>
      <trkpt lat="43.088196" lon="-89.35057">
        <ele>258.88</ele>
      </trkpt>
      <trkpt lat="43.087856" lon="-89.350892">
        <ele>258.98</ele>
      </trkpt>
      <trkpt lat="43.087292" lon="-89.351481">
        <ele>258.74</ele>
      </trkpt>
      <trkpt lat="43.086828" lon="-89.352003">
        <ele>258.51</ele>
      </trkpt>
      <trkpt lat="43.086702" lon="-89.352131">
        <ele>258.85</ele>
      </trkpt>
      <trkpt lat="43.086502" lon="-89.352382">
        <ele>258.78</ele>
      </trkpt>
      <trkpt lat="43.086428" lon="-89.352461">
        <ele>258.69</ele>
      </trkpt>
      <trkpt lat="43.086298" lon="-89.352635">
        <ele>258.66</ele>
      </trkpt>
      <trkpt lat="43.086158" lon="-89.352864">
        <ele>258.75</ele>
      </trkpt>
      <trkpt lat="43.08592" lon="-89.353193">
        <ele>258.57</ele>
      </trkpt>
      <trkpt lat="43.085538" lon="-89.353761">
        <ele>258.39</ele>
      </trkpt>
      <trkpt lat="43.085514" lon="-89.353834">
        <ele>258.34</ele>
      </trkpt>
      <trkpt lat="43.085508" lon="-89.353882">
        <ele>258.29</ele>
      </trkpt>
      <trkpt lat="43.085516" lon="-89.353936">
        <ele>258.35</ele>
      </trkpt>
      <trkpt lat="43.08557" lon="-89.354003">
        <ele>258.67</ele>
      </trkpt>
      <trkpt lat="43.085679" lon="-89.354114">
        <ele>258.73</ele>
      </trkpt>
      <trkpt lat="43.08575" lon="-89.354244">
        <ele>258.57</ele>
      </trkpt>
      <trkpt lat="43.086068" lon="-89.354602">
        <ele>259.31</ele>
      </trkpt>
      <trkpt lat="43.086116" lon="-89.354627">
        <ele>259.67</ele>
      </trkpt>
      <trkpt lat="43.086165" lon="-89.354686">
        <ele>259.48</ele>
      </trkpt>
      <trkpt lat="43.086158" lon="-89.354766">
        <ele>259.49</ele>
      </trkpt>
      <trkpt lat="43.085869" lon="-89.355173">
        <ele>259.94</ele>
      </trkpt>
      <trkpt lat="43.085826" lon="-89.355189">
        <ele>259.79</ele>
      </trkpt>
      <trkpt lat="43.085733" lon="-89.355309">
        <ele>259.02</ele>
      </trkpt>
      <trkpt lat="43.08506" lon="-89.356262">
        <ele>259</ele>
      </trkpt>
      <trkpt lat="43.084947" lon="-89.356425">
        <ele>259</ele>
      </trkpt>
      <trkpt lat="43.083696" lon="-89.358209">
        <ele>260</ele>
      </trkpt>
      <trkpt lat="43.082443" lon="-89.359996">
        <ele>264</ele>
      </trkpt>
      <trkpt lat="43.082489" lon="-89.360063">
        <ele>263.74</ele>
      </trkpt>
      <trkpt lat="43.082034" lon="-89.360703">
        <ele>264</ele>
      </trkpt>
      <trkpt lat="43.081308" lon="-89.361763">
        <ele>265</ele>
      </trkpt>
      <trkpt lat="43.081355" lon="-89.361829">
        <ele>265</ele>
      </trkpt>
      <trkpt lat="43.081291" lon="-89.361924">
        <ele>265</ele>
      </trkpt>
      <trkpt lat="43.08124" lon="-89.362206">
        <ele>265</ele>
      </trkpt>
      <trkpt lat="43.081214" lon="-89.362485">
        <ele>264.89</ele>
      </trkpt>
      <trkpt lat="43.08114" lon="-89.362711">
        <ele>265.48</ele>
      </trkpt>
      <trkpt lat="43.081105" lon="-89.36292">
        <ele>265.76</ele>
      </trkpt>
      <trkpt lat="43.080991" lon="-89.363124">
        <ele>266</ele>
      </trkpt>
      <trkpt lat="43.080909" lon="-89.363413">
        <ele>266.32</ele>
      </trkpt>
      <trkpt lat="43.080867" lon="-89.363682">
        <ele>266.66</ele>
      </trkpt>
      <trkpt lat="43.080831" lon="-89.363826">
        <ele>266.94</ele>
      </trkpt>
      <trkpt lat="43.080765" lon="-89.364052">
        <ele>267.47</ele>
      </trkpt>
      <trkpt lat="43.080701" lon="-89.36424">
        <ele>267.33</ele>
      </trkpt>
      <trkpt lat="43.080622" lon="-89.364325">
        <ele>267.6</ele>
      </trkpt>
      <trkpt lat="43.08057" lon="-89.3644">
        <ele>268.02</ele>
      </trkpt>
      <trkpt lat="43.079433" lon="-89.366028">
        <ele>270</ele>
      </trkpt>
      <trkpt lat="43.07933" lon="-89.366174">
        <ele>270</ele>
      </trkpt>
      <trkpt lat="43.078112" lon="-89.367871">
        <ele>264.87</ele>
      </trkpt>
      <trkpt lat="43.078015" lon="-89.368014">
        <ele>264.5</ele>
      </trkpt>
      <trkpt lat="43.077954" lon="-89.368182">
        <ele>264.16</ele>
      </trkpt>
      <trkpt lat="43.077802" lon="-89.368853">
        <ele>263.87</ele>
      </trkpt>
      <trkpt lat="43.077679" lon="-89.369511">
        <ele>263.95</ele>
      </trkpt>
      <trkpt lat="43.0776" lon="-89.36998">
        <ele>264.01</ele>
      </trkpt>
      <trkpt lat="43.077597" lon="-89.370099">
        <ele>264.23</ele>
      </trkpt>
      <trkpt lat="43.077607" lon="-89.370209">
        <ele>264.25</ele>
      </trkpt>
      <trkpt lat="43.077618" lon="-89.37026">
        <ele>264.16</ele>
      </trkpt>
      <trkpt lat="43.077649" lon="-89.370334">
        <ele>264</ele>
      </trkpt>
      <trkpt lat="43.07761" lon="-89.370399">
        <ele>264</ele>
      </trkpt>
      <trkpt lat="43.077575" lon="-89.370484">
        <ele>264</ele>
      </trkpt>
      <trkpt lat="43.077539" lon="-89.370594">
        <ele>263.81</ele>
      </trkpt>
      <trkpt lat="43.077198" lon="-89.372309">
        <ele>263</ele>
      </trkpt>
      <trkpt lat="43.077124" lon="-89.372442">
        <ele>262.65</ele>
      </trkpt>
      <trkpt lat="43.077103" lon="-89.372491">
        <ele>262.36</ele>
      </trkpt>
      <trkpt lat="43.077096" lon="-89.372541">
        <ele>262.08</ele>
      </trkpt>
      <trkpt lat="43.077099" lon="-89.372589">
        <ele>262</ele>
      </trkpt>
      <trkpt lat="43.077111" lon="-89.372629">
        <ele>262</ele>
      </trkpt>
      <trkpt lat="43.077212" lon="-89.37276">
        <ele>261.6</ele>
      </trkpt>
      <trkpt lat="43.077103" lon="-89.372915">
        <ele>261.61</ele>
      </trkpt>
      <trkpt lat="43.077077" lon="-89.372936">
        <ele>261.82</ele>
      </trkpt>
      <trkpt lat="43.077038" lon="-89.372967">
        <ele>262</ele>
      </trkpt>
      <trkpt lat="43.076954" lon="-89.373087">
        <ele>261.98</ele>
      </trkpt>
      <trkpt lat="43.07685" lon="-89.373259">
        <ele>261.94</ele>
      </trkpt>
      <trkpt lat="43.076745" lon="-89.373407">
        <ele>261.49</ele>
      </trkpt>
      <trkpt lat="43.076678" lon="-89.373481">
        <ele>261.61</ele>
      </trkpt>
      <trkpt lat="43.076309" lon="-89.374076">
        <ele>261.14</ele>
      </trkpt>
      <trkpt lat="43.076262" lon="-89.37419">
        <ele>261</ele>
      </trkpt>
      <trkpt lat="43.076099" lon="-89.374924">
        <ele>260</ele>
      </trkpt>
      <trkpt lat="43.076044" lon="-89.375211">
        <ele>260</ele>
      </trkpt>
      <trkpt lat="43.075991" lon="-89.375287">
        <ele>260</ele>
      </trkpt>
      <trkpt lat="43.075945" lon="-89.375297">
        <ele>260</ele>
      </trkpt>
      <trkpt lat="43.075985" lon="-89.375465">
        <ele>260</ele>
      </trkpt>
      <trkpt lat="43.075988" lon="-89.37548">
        <ele>260</ele>
      </trkpt>
      <trkpt lat="43.075968" lon="-89.375552">
        <ele>260</ele>
      </trkpt>
      <trkpt lat="43.075924" lon="-89.375724">
        <ele>260</ele>
      </trkpt>
      <trkpt lat="43.075851" lon="-89.375955">
        <ele>260</ele>
      </trkpt>
      <trkpt lat="43.075821" lon="-89.376136">
        <ele>260</ele>
      </trkpt>
      <trkpt lat="43.075729" lon="-89.376527">
        <ele>260.6</ele>
      </trkpt>
      <trkpt lat="43.075697" lon="-89.376597">
        <ele>260.91</ele>
      </trkpt>
      <trkpt lat="43.075625" lon="-89.376702">
        <ele>261</ele>
      </trkpt>
      <trkpt lat="43.075218" lon="-89.377264">
        <ele>262.39</ele>
      </trkpt>
      <trkpt lat="43.075191" lon="-89.377285">
        <ele>262.51</ele>
      </trkpt>
      <trkpt lat="43.07512" lon="-89.377458">
        <ele>262.81</ele>
      </trkpt>
      <trkpt lat="43.075045" lon="-89.377637">
        <ele>263.55</ele>
      </trkpt>
      <trkpt lat="43.074495" lon="-89.378418">
        <ele>266.76</ele>
      </trkpt>
      <trkpt lat="43.07452" lon="-89.378451">
        <ele>267.16</ele>
      </trkpt>
      <trkpt lat="43.074427" lon="-89.378588">
        <ele>268</ele>
      </trkpt>
      <trkpt lat="43.074515" lon="-89.378712">
        <ele>268</ele>
      </trkpt>
      <trkpt lat="43.074536" lon="-89.37874">
        <ele>268</ele>
      </trkpt>
      <trkpt lat="43.074561" lon="-89.380118">
        <ele>273.98</ele>
      </trkpt>
      <trkpt lat="43.074562" lon="-89.380403">
        <ele>274.94</ele>
      </trkpt>
      <trkpt lat="43.074573" lon="-89.380446">
        <ele>274.97</ele>
      </trkpt>
      <trkpt lat="43.074594" lon="-89.381663">
        <ele>278</ele>
      </trkpt>
      <trkpt lat="43.074603" lon="-89.381746">
        <ele>278.44</ele>
      </trkpt>
      <trkpt lat="43.074606" lon="-89.38191">
        <ele>279</ele>
      </trkpt>
      <trkpt lat="43.074621" lon="-89.381909">
        <ele>279</ele>
      </trkpt>
      <trkpt lat="43.074599" lon="-89.38199">
        <ele>279</ele>
      </trkpt>
      <trkpt lat="43.074523" lon="-89.382102">
        <ele>279.59</ele>
      </trkpt>
      <trkpt lat="43.074626" lon="-89.382225">
        <ele>280</ele>
      </trkpt>
      <trkpt lat="43.07468" lon="-89.382273">
        <ele>280</ele>
      </trkpt>
      <trkpt lat="43.075343" lon="-89.383142">
        <ele>281</ele>
      </trkpt>
      <trkpt lat="43.075354" lon="-89.383157">
        <ele>281</ele>
      </trkpt>
      <trkpt lat="43.075421" lon="-89.383246">
        <ele>281</ele>
      </trkpt>
      <trkpt lat="43.075431" lon="-89.383257">
        <ele>281</ele>
      </trkpt>
      <trkpt lat="43.076015" lon="-89.384034">
        <ele>278.46</ele>
      </trkpt>
      <trkpt lat="43.075976" lon="-89.384087">
        <ele>278.55</ele>
      </trkpt>
      <trkpt lat="43.075978" lon="-89.384198">
        <ele>278.17</ele>
      </trkpt>
      <trkpt lat="43.076019" lon="-89.384253">
        <ele>277.98</ele>
      </trkpt>
      <trkpt lat="43.075928" lon="-89.384381">
        <ele>277.7</ele>
      </trkpt>
    </trkseg>
  </trk>
</gpx>
